,country,grocery_pharmacy,parks,residential,retail_recreation,transit_stations,workplaces,fatalities,recovered,passed_days,cases_per_million,cases_last_day
0,Argentina,8.185,17.563,0.43700000000000006,13.644,5.334,-2.4859999999999998,0,0,0.0,0.0,0.0
1,Argentina,-15.875,25.605,6.321000000000001,-9.972999999999999,-26.785,-53.687,0,0,1.0,0.0,0.0
2,Argentina,-17.135,1.325,6.895,-19.717,-28.485,-50.053000000000004,0,0,2.0,0.0,0.0
3,Argentina,2.3040000000000003,5.399,-2.273,0.845,9.461,12.584000000000001,0,0,3.0,0.0,0.0
4,Argentina,-0.40399999999999997,-5.267,-0.493,-0.584,7.983,12.407,0,0,4.0,0.0,0.0
5,Argentina,2.075,-7.859,-0.5770000000000001,2.877,7.973,12.857000000000001,0,0,5.0,0.0,0.0
6,Argentina,4.685,-7.582000000000001,1.409,5.265,5.595,2.156,0,0,6.0,0.0,0.0
7,Argentina,2.873,-10.517999999999999,2.417,-2.509,0.9440000000000001,-2.36,0,0,7.0,0.0,0.0
8,Argentina,3.958,-8.264,-1.3630000000000002,0.537,6.931,16.164,0,0,8.0,0.0,0.0
9,Argentina,5.09,-6.2410000000000005,-1.33,0.2,8.202,16.192,0,0,9.0,0.02247696111485727,0.0
10,Argentina,2.898,-0.579,-1.916,-0.983,7.567,17.953,0,0,10.0,0.02247696111485727,0.02247696111485727
11,Argentina,4.236000000000001,-8.884,-1.4909999999999999,0.735,10.191,17.557000000000002,0,0,11.0,0.02247696111485727,0.02247696111485727
12,Argentina,7.63,-6.797000000000001,-1.996,6.376,12.04,18.163,0,0,12.0,0.04495392222971454,0.02247696111485727
13,Argentina,7.222,-9.604,1.219,5.391,8.476,2.7560000000000002,0,0,13.0,0.17981568891885816,0.04495392222971454
14,Argentina,4.425,-12.354000000000001,2.186,3.013,2.63,-2.325,1,0,14.0,0.26972353337828725,0.17981568891885816
15,Argentina,5.438,-9.125,-0.813,1.3730000000000002,13.177999999999999,14.687999999999999,1,0,15.0,0.26972353337828725,0.26972353337828725
16,Argentina,8.046,-8.646,-2.092,2.687,13.620999999999999,18.222,1,0,16.0,0.38210833895257357,0.26972353337828725
17,Argentina,-6.831,-24.127,0.207,-15.515,-6.097,15.189,1,0,17.0,0.4270622611822881,0.38210833895257357
18,Argentina,8.224,-15.55,-1.41,-4.239,10.392000000000001,18.187,1,0,18.0,0.4270622611822881,0.4270622611822881
19,Argentina,10.128,-17.125,-1.125,-4.731,7.287999999999999,18.21,2,0,19.0,0.6967857945605754,0.4270622611822881
20,Argentina,4.578,-40.463,7.188,-18.762,-19.48,-3.8510000000000004,2,1,20.0,0.7642166779051471,0.6967857945605754
21,Argentina,16.951,-43.747,8.781,-29.345,-17.249000000000002,-9.812000000000001,2,1,21.0,1.0114632501685772,0.7642166779051471
22,Argentina,7.879,-39.431,6.346,-26.9,-16.545,0.894,2,1,22.0,1.2587098224320072,1.0114632501685772
23,Argentina,-11.395999999999999,-53.747,10.637,-40.83,-31.844,-11.995,2,3,23.0,1.5284333558102943,1.2587098224320072
24,Argentina,-10.624,-48.792,12.005,-42.791000000000004,-34.599000000000004,-18.855,2,3,24.0,1.7756799280737243,1.5284333558102943
25,Argentina,4.992,-54.943000000000005,12.607000000000001,-42.199,-35.079,-24.291,3,3,25.0,2.180265228141155,1.7756799280737243
26,Argentina,-40.436,-80.027,29.366999999999997,-78.483,-72.116,-60.537,3,3,26.0,2.8770510227017305,2.180265228141155
27,Argentina,-49.071999999999996,-85.37799999999999,28.034000000000002,-82.64200000000001,-75.40899999999999,-57.28,4,3,27.0,3.5513598561474486,2.8770510227017305
28,Argentina,-61.218,-89.944,27.362,-87.281,-81.01899999999999,-57.88,4,3,28.0,5.978871656552034,3.5513598561474486
29,Argentina,-63.753,-88.34299999999999,31.67,-87.824,-84.97399999999999,-79.097,4,3,29.0,6.7655652955720385,5.978871656552034
30,Argentina,-63.568999999999996,-87.98299999999999,31.076,-87.85600000000001,-84.97200000000001,-79.293,6,52,30.0,8.698583951449764,6.7655652955720385
31,Argentina,-50.052,-82.431,28.357,-82.419,-76.76,-67.967,8,52,31.0,8.698583951449764,8.698583951449764
32,Argentina,-52.21,-83.698,30.111,-82.74799999999999,-77.253,-68.171,9,63,32.0,11.28343447965835,8.698583951449764
33,Argentina,-48.608999999999995,-81.859,32.409,-81.227,-75.292,-66.72800000000001,13,72,33.0,13.238930096650932,11.28343447965835
34,Argentina,-47.998999999999995,-84.324,28.839000000000002,-81.711,-75.465,-59.253,18,72,34.0,15.509103169251517,13.238930096650932
35,Argentina,-60.955,-89.15,27.369,-86.48,-80.396,-57.303000000000004,19,72,35.0,16.745336030568666,15.509103169251517
36,Argentina,-51.498000000000005,-83.03299999999999,28.489,-81.158,-77.265,-68.314,23,228,36.0,18.431108114182962,16.745336030568666
37,Argentina,-58.58,-85.31299999999999,29.959,-84.535,-81.632,-76.378,27,240,37.0,23.690717015059562,18.431108114182962
38,Argentina,-46.458999999999996,-79.491,27.028000000000002,-78.877,-74.806,-64.188,28,248,38.0,23.690717015059562,23.690717015059562
39,Argentina,-46.744,-81.161,28.838,-78.947,-73.954,-64.492,36,256,39.0,25.466396943133287,23.690717015059562
40,Argentina,-41.299,-78.211,30.603,-76.75,-71.108,-62.00899999999999,39,266,40.0,28.433355810294447,25.466396943133287
41,Argentina,-41.123999999999995,-81.15899999999999,27.254,-77.294,-70.592,-53.548,43,279,41.0,32.6140705776579,28.433355810294447
42,Argentina,-53.836999999999996,-86.676,25.873,-82.97399999999999,-75.91,-52.12,44,280,42.0,32.6140705776579,32.6140705776579
43,Australia,4.283,8.616,-0.263,3.3539999999999996,4.062,-1.661,0,11,0.0,0.6002400960384154,0.0
44,Australia,0.807,-9.507,-1.4469999999999998,-0.815,7.875,17.275,0,11,1.0,0.6002400960384154,0.6002400960384154
45,Australia,-0.769,-8.38,-1.334,-2.52,10.086,14.661,0,11,2.0,0.6002400960384154,0.6002400960384154
46,Australia,-0.263,-5.0360000000000005,-1.139,-0.574,9.637,13.935,0,11,3.0,0.6002400960384154,0.6002400960384154
47,Australia,1.369,-1.5330000000000001,-1.4069999999999998,-0.396,10.31,14.167,0,11,4.0,0.6002400960384154,0.6002400960384154
48,Australia,5.7170000000000005,-0.46399999999999997,-2.66,3.968,13.725,16.627,0,11,5.0,0.6002400960384154,0.6002400960384154
49,Australia,6.102,17.769000000000002,-1.014,6.399,10.955,3.9930000000000003,0,11,6.0,1.0004001600640258,0.6002400960384154
50,Australia,7.434,19.68,-0.488,3.7060000000000004,5.534,-0.985,1,11,7.0,1.0804321728691477,1.0004001600640258
51,Australia,4.658,-0.5760000000000001,-0.446,-0.48700000000000004,5.854,10.245,1,11,8.0,1.2004801920768309,1.0804321728691477
52,Australia,7.375,-14.005,-1.45,-1.669,9.052,15.05,1,11,9.0,1.5606242496998801,1.2004801920768309
53,Australia,12.463,-15.140999999999998,-0.693,0.35,6.519,13.897,2,11,10.0,2.0808323329331735,1.5606242496998801
54,Australia,9.132,-18.612000000000002,-0.38299999999999995,-2.032,6.129,13.498,2,21,11.0,2.2008803521408566,2.0808323329331735
55,Australia,14.217,-6.468,-2.1630000000000003,3.2239999999999998,9.36,15.623,2,21,12.0,2.4009603841536618,2.2008803521408566
56,Australia,12.235,9.747,-0.08199999999999999,3.457,2.708,2.3569999999999998,2,21,13.0,2.521008403361345,2.4009603841536618
57,Australia,8.191,13.52,-0.155,3.1439999999999997,0.48,-1.806,3,21,14.0,3.041216486594638,2.521008403361345
58,Australia,3.112,5.013,3.989,-3.0660000000000003,-9.266,-14.363,3,21,15.0,3.6414565826330536,3.041216486594638
59,Australia,8.625,-11.427999999999999,-0.71,-2.471,6.053999999999999,13.436,3,21,16.0,4.28171268507403,3.6414565826330536
60,Australia,8.26,-1.633,-0.6729999999999999,-1.288,5.57,13.547,3,21,17.0,5.122048819527811,4.28171268507403
61,Australia,10.845,2.169,-0.755,-1.38,5.811,13.109000000000002,3,21,18.0,5.122048819527811,5.122048819527811
62,Australia,17.257,-8.232999999999999,-0.8109999999999999,0.648,4.779,14.472999999999999,3,23,19.0,8.003201280512206,5.122048819527811
63,Australia,19.701,-15.375,2.207,-0.597,-10.157,3.0460000000000003,3,23,20.0,10.004001600640256,8.003201280512206
64,Australia,23.875,-7.678999999999999,2.445,-2.029,-12.671,-1.464,3,23,21.0,11.884753901560625,10.004001600640256
65,Australia,33.359,-17.605999999999998,1.143,-1.4609999999999999,-7.242000000000001,12.331,3,23,22.0,15.086034413765507,11.884753901560625
66,Australia,34.723,-20.614,3.015,-5.142,-13.585999999999999,5.292000000000001,5,23,23.0,18.087234893957586,15.086034413765507
67,Australia,31.793000000000003,-14.65,4.703,-6.542000000000001,-18.331,1.676,6,23,24.0,22.729091636654662,18.087234893957586
68,Australia,25.081999999999997,-8.968,5.473,-10.245,-21.506999999999998,-0.307,6,26,25.0,27.25090036014406,22.729091636654662
69,Australia,20.021,-12.095999999999998,5.649,-11.558,-22.129,0.319,7,26,26.0,31.65266106442577,27.25090036014406
70,Australia,10.704,-9.065,6.702000000000001,-16.562,-27.715999999999998,-4.421,7,26,27.0,42.85714285714286,31.65266106442577
71,Australia,9.716000000000001,-10.81,6.436,-18.342,-33.681999999999995,-11.581,7,88,28.0,61.98479391756703,42.85714285714286
72,Australia,17.435,-27.17,7.885,-17.046,-35.834,-5.813,7,88,29.0,67.30692276910764,61.98479391756703
73,Australia,4.095,-30.186999999999998,12.372,-30.031,-44.736000000000004,-18.673,8,115,30.0,81.79271708683474,67.30692276910764
74,Australia,1.905,-32.841,14.373,-30.941999999999997,-49.861000000000004,-22.719,8,119,31.0,94.59783913565427,81.79271708683474
75,Australia,1.699,-23.22,15.915,-34.244,-52.948,-26.989,13,172,32.0,112.44497799119648,94.59783913565427
76,Australia,2.206,-30.104,16.705,-35.483000000000004,-52.92100000000001,-26.425,13,194,33.0,125.77030812324931,112.44497799119648
77,Australia,-8.503,-33.523,14.773,-40.954,-53.205,-26.807,14,244,34.0,145.65826330532215,125.77030812324931
78,Australia,-18.732,-34.655,13.283,-44.894,-58.146,-32.674,16,244,35.0,159.42376950780314,145.65826330532215
79,Australia,-12.772,-35.123000000000005,16.215999999999998,-39.373000000000005,-58.568999999999996,-31.95,17,257,36.0,174.50980392156865,159.42376950780314
80,Australia,-13.433,-34.698,17.812,-40.52,-59.483999999999995,-36.243,18,358,37.0,182.4329731892757,174.50980392156865
81,Australia,-12.942,-36.474000000000004,18.871,-39.835,-60.453,-37.204,20,422,38.0,194.55782312925172,182.4329731892757
82,Australia,-13.5,-41.937,20.021,-42.216,-62.538000000000004,-38.217,24,520,39.0,204.72188875550222,194.55782312925172
83,Australia,-7.1160000000000005,-41.345,20.053,-39.945,-60.718,-35.96,28,649,40.0,213.28531412565027,204.72188875550222
84,Australia,-14.126,-52.364,17.207,-44.287,-61.159,-33.263000000000005,30,701,41.0,222.0888355342137,213.28531412565027
85,Australia,-18.11,-42.611000000000004,14.319,-44.063,-61.992,-36.080999999999996,35,757,42.0,227.57102841136455,222.0888355342137
86,Brazil,6.952999999999999,32.326,0.778,4.322,2.113,-2.543,0,0,0.0,0.0,0.0
87,Brazil,-6.522,68.676,8.125,-13.948,-26.987,-45.315,0,0,1.0,0.0,0.0
88,Brazil,-28.524,50.735,9.672,-31.478,-34.936,-60.556000000000004,0,0,2.0,0.0,0.0
89,Brazil,-10.696,-8.177999999999999,5.739,-18.266,-17.438,-18.111,0,0,3.0,0.00477326968973747,0.0
90,Brazil,1.5119999999999998,-10.672,0.871,-8.467,1.192,10.004,0,0,4.0,0.00477326968973747,0.00477326968973747
91,Brazil,3.196,-16.695,1.056,-5.184,1.7719999999999998,13.097000000000001,0,0,5.0,0.00477326968973747,0.00477326968973747
92,Brazil,4.746,-22.699,3.063,-2.5989999999999998,-2.258,5.059,0,0,6.0,0.00954653937947494,0.00477326968973747
93,Brazil,2.943,-34.474000000000004,4.526,-9.187999999999999,-9.702,-1.409,0,0,7.0,0.00954653937947494,0.00954653937947494
94,Brazil,0.62,-25.476999999999997,-0.19399999999999998,-6.325,5.517,19.505,0,0,8.0,0.00954653937947494,0.00954653937947494
95,Brazil,1.876,-20.685,-0.536,-4.694,6.061,14.943,0,0,9.0,0.00954653937947494,0.00954653937947494
96,Brazil,1.756,-11.154000000000002,-0.677,-1.061,7.3839999999999995,16.437,0,0,10.0,0.01909307875894988,0.00954653937947494
97,Brazil,6.607,-4.813,-1.631,0.10099999999999999,10.475999999999999,17.618,0,0,11.0,0.01909307875894988,0.01909307875894988
98,Brazil,10.908,-6.859,-1.902,5.815,12.897,18.087,0,0,12.0,0.06205250596658711,0.01909307875894988
99,Brazil,12.602,-14.272,0.297,9.263,7.978,7.194,0,0,13.0,0.06205250596658711,0.06205250596658711
100,Brazil,10.501,-16.689,1.382,8.293,2.097,3.0039999999999996,0,0,14.0,0.0954653937947494,0.06205250596658711
101,Brazil,4.8469999999999995,-11.753,-1.581,0.8859999999999999,12.197000000000001,21.346999999999998,0,0,15.0,0.11933174224343675,0.0954653937947494
102,Brazil,4.859,-11.366,-1.9,0.439,11.002,17.232,0,0,16.0,0.14797136038186157,0.11933174224343675
103,Brazil,1.8319999999999999,-5.587000000000001,-1.422,1.166,10.142000000000001,16.824,0,0,17.0,0.18138424821002386,0.14797136038186157
104,Brazil,4.261,-4.992,-1.5090000000000001,-2.019,9.783999999999999,16.826,0,0,18.0,0.24821002386634844,0.18138424821002386
105,Brazil,6.591,-8.265,-1.6269999999999998,0.261,9.622,18.405,0,0,19.0,0.720763723150358,0.24821002386634844
106,Brazil,7.365,-15.440999999999999,1.294,-1.5130000000000001,-0.324,5.997000000000001,0,0,20.0,0.720763723150358,0.720763723150358
107,Brazil,7.002000000000001,-21.063000000000002,2.5810000000000004,-8.152999999999999,-6.974,0.445,0,0,21.0,0.7732696897374701,0.720763723150358
108,Brazil,5.898,-22.875999999999998,1.306,-11.097999999999999,-4.11,13.732999999999999,0,1,22.0,0.954653937947494,0.7732696897374701
109,Brazil,7.186,-28.131999999999998,3.925,-18.697,-15.088,2.637,1,2,23.0,1.532219570405728,0.954653937947494
110,Brazil,5.247000000000001,-28.346999999999998,7.32,-24.94,-22.248,-5.843999999999999,3,2,24.0,1.775656324582339,1.532219570405728
111,Brazil,2.356,-33.608000000000004,10.448,-36.477,-30.96,-16.607,6,2,25.0,2.964200477326969,1.775656324582339
112,Brazil,0.16899999999999998,-45.18600000000001,13.190999999999999,-44.50899999999999,-37.327,-21.066999999999997,11,2,26.0,3.785202863961814,2.964200477326969
113,Brazil,-15.52,-65.605,16.104,-62.577,-50.36600000000001,-29.92,15,2,27.0,4.873508353221957,3.785202863961814
114,Brazil,-33.367,-74.695,17.164,-72.443,-60.028,-34.330999999999996,25,2,28.0,7.379474940334129,4.873508353221957
115,Brazil,-25.818,-60.893,19.95,-65.494,-57.817,-41.963,34,2,29.0,9.183770883054892,7.379474940334129
116,Brazil,-32.918,-62.376000000000005,21.96,-70.654,-63.022,-50.806999999999995,46,2,30.0,10.725536992840096,9.183770883054892
117,Brazil,-32.041,-57.292,22.869,-69.342,-62.952,-51.725,59,2,31.0,12.1909307875895,10.725536992840096
118,Brazil,-28.996,-53.849,22.058000000000003,-68.524,-61.985,-50.49,77,6,32.0,14.24821002386635,12.1909307875895
119,Brazil,-25.683000000000003,-55.788999999999994,22.721999999999998,-66.962,-60.218999999999994,-47.809,92,6,33.0,16.310262529832936,14.24821002386635
120,Brazil,-27.320999999999998,-63.669,18.532,-69.58800000000001,-59.19,-40.582,111,6,34.0,18.634844868735083,16.310262529832936
121,Brazil,-35.317,-69.938,16.858,-71.472,-62.263000000000005,-33.556,136,6,35.0,20.315035799522672,18.634844868735083
122,Brazil,-26.129,-55.412,19.851,-61.715,-58.832,-43.14,159,120,36.0,21.856801909307876,20.315035799522672
123,Brazil,-20.975,-53.213,19.377,-60.406000000000006,-58.228,-45.342,201,127,37.0,27.288782816229116,21.856801909307876
124,Brazil,-18.55,-48.425,19.762,-58.41,-57.442,-44.693000000000005,240,127,38.0,32.630071599045344,27.288782816229116
125,Brazil,-17.289,-47.806000000000004,19.74,-59.493,-57.205,-44.562,324,127,39.0,38.39618138424821,32.630071599045344
126,Brazil,-13.505999999999998,-52.343,20.457,-60.239,-55.119,-42.141000000000005,359,127,40.0,43.22673031026253,38.39618138424821
127,Brazil,-13.155,-59.907,16.41,-63.093999999999994,-52.611999999999995,-34.667,445,127,41.0,49.45107398568019,43.22673031026253
128,Brazil,-23.590999999999998,-65.529,14.974,-66.84100000000001,-56.62,-29.732,486,127,42.0,53.12649164677804,49.45107398568019
129,Canada,6.125,36.01,-0.963,9.657,4.963,4.9,0,3,0.0,0.23942537909018355,0.0
130,Canada,2.221,18.659000000000002,-0.012,2.551,-0.674,2.583,0,3,1.0,0.2660281989890928,0.23942537909018355
131,Canada,5.297999999999999,8.972000000000001,-0.249,1.881,-0.16699999999999998,3.194,0,3,2.0,0.2926310188880021,0.2660281989890928
132,Canada,1.537,0.642,0.85,-1.67,-1.555,0.77,0,3,3.0,0.2926310188880021,0.2926310188880021
133,Canada,-8.859,-5.986000000000001,3.97,-7.989,-4.529,-5.236000000000001,0,6,4.0,0.34583665868582064,0.2926310188880021
134,Canada,0.6970000000000001,-5.102,1.236,-0.61,1.0270000000000001,0.34600000000000003,0,6,5.0,0.3724394785847299,0.34583665868582064
135,Canada,6.652,10.503,-0.321,6.82,6.2829999999999995,6.681,0,6,6.0,0.5320563979781856,0.3724394785847299
136,Canada,9.379,22.951999999999998,-0.7709999999999999,10.267000000000001,5.547999999999999,5.472,0,6,7.0,0.6384676775738227,0.5320563979781856
137,Canada,3.281,1.028,0.9390000000000001,3.495,-2.379,-0.988,0,6,8.0,0.7182761372705506,0.6384676775738227
138,Canada,5.535,8.407,0.344,4.205,-2.345,-0.12,0,6,9.0,0.7980845969672785,0.7182761372705506
139,Canada,3.512,10.912,0.499,4.755,-0.457,-0.846,0,6,10.0,0.8778930566640063,0.7980845969672785
140,Canada,4.978,17.529,0.561,7.416,-0.97,-2.045,0,6,11.0,0.9843043362596434,0.8778930566640063
141,Canada,-0.667,5.609,1.254,1.3030000000000002,-2.7430000000000003,-1.062,0,6,12.0,1.303538175046555,0.9843043362596434
142,Canada,4.942,17.214000000000002,0.07200000000000001,6.497999999999999,2.8310000000000004,5.68,0,8,13.0,1.4365522745411012,1.303538175046555
143,Canada,7.354,49.768,-0.359,9.202,3.284,4.029,0,8,14.0,1.7025804735301941,1.4365522745411012
144,Canada,4.163,30.744,0.595,3.883,-2.775,1.9769999999999999,1,8,15.0,2.0484171322160147,1.7025804735301941
145,Canada,0.903,-2.06,1.446,-0.609,-5.606,1.2690000000000001,1,8,16.0,2.101622772013833,2.0484171322160147
146,Canada,6.705,11.652999999999999,0.499,3.465,-2.77,2.305,1,8,17.0,2.8731045490822025,2.101622772013833
147,Canada,27.4,11.474,0.635,7.256,-5.654,1.965,1,8,18.0,3.112529928172386,2.8731045490822025
148,Canada,34.641,-16.253,4.8389999999999995,-4.724,-17.253,-6.171,1,8,19.0,5.081138600691673,3.112529928172386
149,Canada,19.194000000000003,-8.156,4.672,-10.885,-19.176,-0.812,1,8,20.0,5.21415270018622,5.081138600691673
150,Canada,11.307,27.693,4.096,-11.552,-21.824,-5.001,1,8,21.0,6.65070497472732,5.21415270018622
151,Canada,22.546999999999997,14.777999999999999,9.758,-11.565,-37.105,-26.791,4,9,22.0,10.986964618249534,6.65070497472732
152,Canada,12.57,6.767,13.559000000000001,-26.651,-45.118,-34.573,5,9,23.0,12.503325352487362,10.986964618249534
153,Canada,6.593,14.216,15.589,-32.806,-48.303999999999995,-39.89,8,9,24.0,17.238627294493213,12.503325352487362
154,Canada,3.51,17.92,17.409000000000002,-35.765,-52.04,-43.04600000000001,9,9,25.0,21.042830540037244,17.238627294493213
155,Canada,-5.267,-7.845,20.226,-43.602,-54.395,-45.45,12,9,26.0,24.82043096568236,21.042830540037244
156,Canada,-12.112,11.46,13.37,-48.909,-49.07,-32.083,19,10,27.0,33.70577281191806,24.82043096568236
157,Canada,-20.963,3.987,11.299000000000001,-51.273999999999994,-54.145,-35.1,20,10,28.0,38.733705772811916,33.70577281191806
158,Canada,-13.109000000000002,-26.69,19.97,-45.47,-63.176,-51.158,24,10,29.0,55.20085129023676,38.733705772811916
159,Canada,-15.273,-9.859,21.735,-49.45399999999999,-64.26,-54.511,25,110,30.0,73.87603085927108,55.20085129023676
160,Canada,-20.846999999999998,1.331,23.329,-53.388999999999996,-65.41,-58.593999999999994,29,183,31.0,86.13993083266826,73.87603085927108
161,Canada,-20.866,-17.953,24.648000000000003,-54.028,-67.928,-59.229,37,184,32.0,107.1827613727055,86.13993083266826
162,Canada,-20.526,-9.589,25.504,-54.68600000000001,-66.418,-58.523999999999994,53,256,33.0,124.20856610800743,107.1827613727055
163,Canada,-27.085,-30.061999999999998,16.601,-59.395,-63.978,-44.047,60,466,34.0,147.99148709763233,124.20856610800743
164,Canada,-34.658,-16.344,13.71,-59.053000000000004,-65.618,-43.622,63,466,35.0,166.71987230646448,147.99148709763233
165,Canada,-27.121,-32.445,23.239,-53.597,-70.068,-60.254,79,466,36.0,196.46182495344505,166.71987230646448
166,Canada,-19.107,-12.767000000000001,23.393,-50.891999999999996,-67.916,-60.31,100,1592,37.0,226.49640861931363,196.46182495344505
167,Canada,-21.199,-10.318,23.985,-51.52,-67.949,-60.685,108,1324,38.0,253.97712157488692,226.49640861931363
168,Canada,-23.101,-16.166,25.233,-52.992,-69.82600000000001,-60.886,138,1735,39.0,299.8403830806065,253.97712157488692
169,Canada,-22.936,-32.89,26.791,-55.33,-69.49,-60.173,178,2175,40.0,330.5134344240489,299.8403830806065
170,Canada,-25.340999999999998,-17.163,16.695,-56.887,-62.813,-44.597,217,2577,41.0,344.90555998935884,330.5134344240489
171,Canada,-45.144,-12.925,14.088,-62.711999999999996,-66.798,-46.056999999999995,258,3012,42.0,418.8081936685288,344.90555998935884
172,Germany,9.266,-23.603,0.47,-0.151,2.089,-2.613,0,14,0.0,0.1927246446639364,0.0
173,Germany,-4.697,17.152,3.625,1.8980000000000001,-5.462999999999999,-19.851,0,14,1.0,0.1927246446639364,0.1927246446639364
174,Germany,-0.8859999999999999,14.974,3.5469999999999997,-0.525,-5.1160000000000005,-12.672,0,14,2.0,0.20476993495543244,0.1927246446639364
175,Germany,-0.22399999999999998,-0.21100000000000002,2.113,-3.216,-7.044,-5.428,0,15,3.0,0.3252228378703927,0.20476993495543244
176,Germany,2.81,-3.4219999999999997,1.9809999999999999,-5.15,-4.895,-4.388,0,16,4.0,0.5540833534088172,0.3252228378703927
177,Germany,11.044,8.594,1.5959999999999999,2.6310000000000002,-2.427,-4.877,0,16,5.0,0.5781739339918093,0.5540833534088172
178,Germany,5.18,9.249,0.723,-1.226,1.003,-0.617,0,16,6.0,0.951577933028186,0.5781739339918093
179,Germany,18.11,21.38,0.077,8.293,4.332,0.583,0,16,7.0,1.5658877378944833,0.951577933028186
180,Germany,8.39,8.996,0.151,1.743,-1.177,0.256,0,16,8.0,1.9152011563478681,1.5658877378944833
181,Germany,4.997,8.263,1.348,-0.204,-3.4930000000000003,0.175,0,16,9.0,2.3608768971332212,1.9152011563478681
182,Germany,2.415,13.552,0.9740000000000001,1.6340000000000001,-3.5789999999999997,0.077,0,16,10.0,3.1558660563719587,2.3608768971332212
183,Germany,0.133,-0.091,1.368,-3.958,-5.078,-0.152,0,16,11.0,5.805829920501084,3.1558660563719587
184,Germany,0.585,-10.503,2.09,-3.2310000000000003,-7.0889999999999995,-1.485,0,17,12.0,8.070344495302336,5.805829920501084
185,Germany,-0.18600000000000003,18.624000000000002,0.784,0.85,-1.6980000000000002,0.244,0,18,13.0,9.624186942905325,8.070344495302336
186,Germany,18.905,30.500999999999998,-0.099,12.164000000000001,1.7009999999999998,0.802,0,18,14.0,12.527101903155867,9.624186942905325
187,Germany,1.964,6.961,0.784,-0.9179999999999999,-4.896,-0.8240000000000001,2,18,15.0,14.165261382799326,12.527101903155867
188,Germany,-1.7690000000000001,-12.686,2.7489999999999997,-7.479,-8.466000000000001,-1.2309999999999999,2,18,16.0,17.54998795470971,14.165261382799326
189,Germany,2.48,16.88,1.659,-0.98,-6.563,-1.212,3,25,17.0,22.982413876174416,17.54998795470971
190,Germany,6.121,3.864,2.3040000000000003,-6.565,-9.43,-2.157,3,25,18.0,25.03011322572874,22.982413876174416
191,Germany,19.012999999999998,-2.682,3.6010000000000004,-9.247,-14.652999999999999,-4.4830000000000005,7,46,19.0,44.266441821247895,25.03011322572874
192,Germany,9.371,32.728,3.73,-17.109,-18.76,-3.165,9,46,20.0,55.227655986509276,44.266441821247895
193,Germany,13.136,75.002,2.438,-12.253,-15.949000000000002,-5.0280000000000005,11,46,21.0,69.80245723921946,55.227655986509276
194,Germany,21.544,40.01,5.912000000000001,-6.965,-25.06,-17.508,17,67,22.0,87.5933509997591,69.80245723921946
195,Germany,11.220999999999998,30.956999999999997,10.067,-21.194000000000003,-34.775999999999996,-24.933000000000003,24,67,23.0,111.50325222837871,87.5933509997591
196,Germany,4.638,44.053000000000004,11.35,-34.346,-39.312,-29.684,28,105,24.0,148.4822934232715,111.50325222837871
197,Germany,-2.977,15.144,13.575999999999999,-44.975,-45.787,-33.321,44,113,25.0,184.53384726571912,148.4822934232715
198,Germany,-1.62,-13.949000000000002,15.959000000000001,-49.975,-51.761,-36.24,67,180,26.0,239.07492170561312,184.53384726571912
199,Germany,-24.408,-30.576999999999998,13.407,-68.783,-59.038000000000004,-30.714000000000002,84,233,27.0,267.5620332450012,239.07492170561312
200,Germany,-35.242,1.2990000000000002,9.58,-71.426,-57.693000000000005,-34.06,94,266,28.0,299.6025054203806,267.5620332450012
201,Germany,-15.573,-5.398,16.261,-56.887,-56.161,-40.874,123,266,29.0,349.9879547097085,299.6025054203806
202,Germany,-18.129,8.782,18.114,-59.402,-56.236999999999995,-42.713,157,3243,30.0,397.3259455552879,349.9879547097085
203,Germany,-17.977999999999998,11.11,17.617,-58.486000000000004,-56.441,-43.206,206,3547,31.0,449.5663695495062,397.3259455552879
204,Germany,-16.067999999999998,3.292,18.178,-59.12,-56.88399999999999,-43.753,267,5673,32.0,529.2459648277523,449.5663695495062
205,Germany,-14.412,20.68,18.601,-58.536,-56.286,-43.851000000000006,342,6658,33.0,612.7559624186944,529.2459648277523
206,Germany,-21.003,33.292,11.92,-66.111,-53.332,-32.818000000000005,433,8481,34.0,694.9530233678632,612.7559624186944
207,Germany,-50.782,-49.28,10.767999999999999,-77.37899999999999,-68.09899999999999,-38.846,533,9211,35.0,747.9523006504457,694.9530233678632
208,Germany,-15.898,-12.537,16.631,-54.297,-56.14,-43.123999999999995,645,13500,36.0,805.6492411467117,747.9523006504457
209,Germany,-11.770999999999999,7.401,17.468,-53.361999999999995,-52.843999999999994,-43.093999999999994,775,16100,37.0,864.9482052517466,805.6492411467117
210,Germany,-12.919,20.38,16.53,-51.963,-52.782,-42.964,920,18700,38.0,937.9908455793785,864.9482052517466
211,Germany,-11.464,5.957000000000001,17.320999999999998,-53.777,-54.391000000000005,-43.461999999999996,1107,22440,39.0,1021.368344977114,937.9908455793785
212,Germany,-10.994000000000002,-13.15,18.814,-56.881,-56.975,-43.82,1275,24575,40.0,1098.0366176824862,1021.368344977114
213,Germany,-15.887,20.584,11.814,-62.647,-52.251000000000005,-31.276999999999997,1444,26400,41.0,1157.4560346904361,1098.0366176824862
214,Germany,-13.02,60.535,7.611000000000001,-58.172,-46.635,-30.221,1584,28700,42.0,1206.0105998554566,1157.4560346904361
215,Spain,10.390999999999998,32.711999999999996,-3.1460000000000004,7.093,11.350999999999999,1.057,0,2,0.0,0.0426075841499787,0.0
216,Spain,3.011,35.534,-0.24,4.624,4.4719999999999995,-6.93,0,2,1.0,0.0426075841499787,0.0426075841499787
217,Spain,-0.5529999999999999,17.207,0.525,-2.031,3.475,-6.22,0,2,2.0,0.1278227524499361,0.0426075841499787
218,Spain,4.459,10.511,-0.285,-0.445,1.18,-0.314,0,2,3.0,0.27694929697486154,0.1278227524499361
219,Spain,7.774,15.595,-1.5190000000000001,3.997,5.694,0.735,0,2,4.0,0.31955688112484026,0.27694929697486154
220,Spain,-6.775,32.6,0.215,-0.632,2.28,-11.32,0,2,5.0,0.6817213463996592,0.31955688112484026
221,Spain,3.8760000000000003,18.649,-1.204,-1.071,5.598,-1.339,0,2,6.0,0.9586706433745207,0.6817213463996592
222,Spain,5.921,5.861000000000001,-2.2569999999999997,2.13,5.044,1.2009999999999998,0,2,7.0,1.7895185342991053,0.9586706433745207
223,Spain,1.2890000000000001,-6.947,0.7509999999999999,-2.9189999999999996,-2.5860000000000003,-3.13,0,2,8.0,2.556455048998722,1.7895185342991053
224,Spain,2.617,-2.6060000000000003,-0.146,-2.7460000000000004,0.616,2.944,1,2,9.0,3.5151256923732426,2.556455048998722
225,Spain,4.0,9.249,-0.38299999999999995,-0.076,1.611,2.7460000000000004,2,2,10.0,4.7294418406476355,3.5151256923732426
226,Spain,2.173,1.5590000000000002,-0.193,-1.392,0.244,1.71,3,2,11.0,5.517682147422241,4.7294418406476355
227,Spain,2.11,0.266,0.011000000000000001,-1.5130000000000001,-0.255,-0.525,5,2,12.0,8.52151682999574,5.517682147422241
228,Spain,0.8170000000000001,16.562,-0.9490000000000001,-1.248,4.156000000000001,0.6709999999999999,10,30,13.0,10.651896037494675,8.52151682999574
229,Spain,6.734,19.08,-1.79,3.5469999999999997,8.231,0.9940000000000001,17,30,14.0,14.337452066467831,10.651896037494675
230,Spain,4.1819999999999995,11.827,-0.611,-1.3530000000000002,0.43700000000000006,2.611,28,32,15.0,22.858968896463573,14.337452066467831
231,Spain,17.799,12.181,-0.419,-2.642,-1.287,1.9069999999999998,35,32,16.0,36.10992756710694,22.858968896463573
232,Spain,16.676,16.516,1.087,-4.954,-8.547,-2.313,54,183,17.0,48.508734554750745,36.10992756710694
233,Spain,27.271,1.092,2.685,-13.104000000000001,-16.0,-5.279,55,183,18.0,48.508734554750745,48.508734554750745
234,Spain,32.948,-21.663,8.356,-32.756,-32.349000000000004,-17.102999999999998,133,193,19.0,111.46144013634428,48.508734554750745
235,Spain,-7.841,-44.172,14.213,-69.283,-51.946000000000005,-30.776999999999997,195,517,20.0,136.15253515125693,111.46144013634428
236,Spain,-49.49100000000001,-75.676,16.817,-87.06,-70.63600000000001,-47.96,289,517,21.0,166.12697060076695,136.15253515125693
237,Spain,-33.083,-71.688,22.824,-80.235,-70.652,-52.281000000000006,342,530,22.0,211.8023008095441,166.12697060076695
238,Spain,-38.759,-73.45100000000001,25.438000000000002,-83.20100000000001,-74.319,-58.544,533,1028,23.0,250.27694929697486,211.8023008095441
239,Spain,-36.188,-73.101,26.343000000000004,-83.553,-76.215,-60.44,623,1081,24.0,296.33574776310184,250.27694929697486
240,Spain,-57.86600000000001,-76.941,30.813000000000002,-87.62799999999999,-79.63600000000001,-70.696,830,1107,25.0,382.6800170430337,296.33574776310184
241,Spain,-39.236999999999995,-78.571,31.855999999999998,-86.787,-79.51,-65.626,1043,1588,26.0,434.8103962505326,382.6800170430337
242,Spain,-53.486999999999995,-86.553,25.816999999999997,-91.66799999999999,-83.825,-62.558,1375,2125,27.0,540.5624201107797,434.8103962505326
243,Spain,-73.252,-89.446,22.293000000000003,-93.70700000000001,-87.344,-65.475,1772,2575,28.0,612.8674904132936,540.5624201107797
244,Spain,-46.453,-77.373,27.741999999999997,-84.861,-80.67399999999999,-64.92699999999999,2311,2575,29.0,748.5300383468258,612.8674904132936
245,Spain,-50.369,-78.584,29.203000000000003,-86.633,-81.355,-66.958,2808,3794,30.0,849.7017469109502,748.5300383468258
246,Spain,-51.043,-78.402,29.928,-86.976,-81.90899999999999,-67.383,3647,5367,31.0,1054.8572645930976,849.7017469109502
247,Spain,-51.637,-78.449,30.467,-87.23,-82.249,-67.896,4365,7015,32.0,1231.0609288453345,1054.8572645930976
248,Spain,-49.378,-80.392,33.421,-88.141,-82.845,-67.579,5138,9357,33.0,1400.063911376225,1231.0609288453345
249,Spain,-56.82,-86.24799999999999,26.085,-91.891,-85.506,-63.794,5982,12285,34.0,1560.183212611845,1400.063911376225
250,Spain,-76.33,-89.05799999999999,21.756999999999998,-93.74700000000001,-88.20100000000001,-63.876000000000005,6803,14709,35.0,1706.6467831273967,1560.183212611845
251,Spain,-55.406000000000006,-80.432,30.773000000000003,-88.57600000000001,-84.164,-73.699,7716,16780,36.0,1873.7963357477631,1706.6467831273967
252,Spain,-54.745,-82.329,32.157,-92.26899999999999,-84.20700000000001,-75.61,8464,19259,37.0,2043.5236472092033,1873.7963357477631
253,Spain,-52.81100000000001,-81.25,32.624,-92.125,-84.333,-75.21600000000001,9387,22647,38.0,2218.108223263741,2043.5236472092033
254,Spain,-51.626999999999995,-80.645,33.126,-91.654,-84.01100000000001,-75.19800000000001,10348,26743,39.0,2387.4094588836815,2218.108223263741
255,Spain,-48.216,-81.51,35.68,-89.152,-84.236,-74.282,11198,30513,40.0,2539.3907115466554,2387.4094588836815
256,Spain,-55.787,-86.399,26.418000000000003,-92.086,-85.77,-65.399,11947,34219,41.0,2687.856838517256,2539.3907115466554
257,Spain,-76.568,-89.52,22.646,-94.206,-88.956,-67.57,12641,38080,42.0,2804.5590115040477,2687.856838517256
258,France,7.015,30.064,-1.3659999999999999,8.454,11.623,-0.883,1,4,0.0,0.17913121361397225,0.0
259,France,3.234,45.388000000000005,3.125,2.5789999999999997,-1.1840000000000002,-15.241,1,4,1.0,0.17913121361397225,0.17913121361397225
260,France,1.385,23.25,3.535,1.206,-2.6510000000000002,-14.37,1,11,2.0,0.20898641588296762,0.17913121361397225
261,France,-1.6030000000000002,9.458,2.6010000000000004,-5.295,-5.24,-12.109000000000002,2,11,3.0,0.2686968204209584,0.20898641588296762
262,France,-0.6659999999999999,0.81,4.073,-5.337000000000001,-5.194,-15.157,2,11,4.0,0.5672488431109122,0.2686968204209584
263,France,1.3,14.57,4.133,-0.7909999999999999,-0.46799999999999997,-14.624,2,11,5.0,0.8508732646663681,0.5672488431109122
264,France,1.056,-11.595999999999998,1.115,-7.257999999999999,3.7760000000000002,-4.613,2,12,6.0,1.4927601134497688,0.8508732646663681
265,France,3.968,-13.312999999999999,-0.032,1.078,1.5190000000000001,1.256,2,12,7.0,1.9405881474846993,1.4927601134497688
266,France,3.472,-9.468,2.719,-5.912000000000001,-4.431,-5.347,3,12,8.0,2.8511718166890585,1.9405881474846993
267,France,4.678999999999999,7.734,1.916,-1.391,-3.717,-4.197,4,12,9.0,3.045230631437528,2.8511718166890585
268,France,1.979,0.98,1.89,-5.835,-5.755,-3.198,4,12,10.0,4.299149126735334,3.045230631437528
269,France,-0.209,-15.423,2.574,-7.746,-6.044,-5.034,6,12,11.0,5.672488431109121,4.299149126735334
270,France,1.8619999999999999,-0.718,2.5180000000000002,-2.106,-1.306,-4.46,9,12,12.0,9.792506344230484,5.672488431109121
271,France,1.105,7.189,0.757,-4.187,1.411,-0.319,11,12,13.0,14.315569487983282,9.792506344230484
272,France,2.237,-0.562,0.636,0.485,-2.241,-0.591,19,12,14.0,16.957754888789374,14.315569487983282
273,France,2.234,2.3,1.59,-4.546,-5.001,-0.602,19,12,15.0,18.196745782952682,16.957754888789374
274,France,1.2919999999999998,1.0190000000000001,1.7369999999999999,-4.664,-5.787000000000001,-0.638,33,12,16.0,26.78011643528885,18.196745782952682
275,France,1.621,16.654,1.3419999999999999,-5.747000000000001,-5.102,-0.336,48,12,17.0,34.2289894014032,26.78011643528885
276,France,5.379,5.184,1.46,-7.989,-6.577000000000001,-0.998,48,12,18.0,34.2289894014032,34.2289894014032
277,France,16.754,4.431,2.8739999999999997,-7.504,-7.766,-2.1519999999999997,79,12,19.0,54.94849977608599,34.2289894014032
278,France,1.49,-0.9690000000000001,4.726,-21.287,-16.222,-5.183,91,12,20.0,67.1144947007016,54.94849977608599
279,France,22.57,14.659,3.4930000000000003,-37.77,-21.448,-8.577,91,12,21.0,67.65188834154353,67.1144947007016
280,France,46.044,-15.377,13.455,-42.84,-38.552,-35.935,149,12,22.0,99.76115838184805,67.65188834154353
281,France,-15.225,-40.274,23.631999999999998,-67.937,-61.032,-55.23,149,12,23.0,115.16644275264966,99.76115838184805
282,France,-45.461000000000006,-52.718,28.875999999999998,-82.751,-75.55199999999999,-67.223,149,12,24.0,136.1994327511569,115.16644275264966
283,France,-40.925,-56.343,31.965,-82.447,-78.273,-70.531,244,12,25.0,163.75578444543964,136.1994327511569
284,France,-41.883,-65.574,36.049,-83.281,-80.494,-70.929,451,12,26.0,190.4463352739215,163.75578444543964
285,France,-54.348,-77.97399999999999,24.448,-87.95299999999999,-81.791,-58.168,563,12,27.0,215.89789520824004,190.4463352739215
286,France,-63.698,-79.994,18.04,-86.235,-83.76700000000001,-54.773999999999994,676,2206,28.0,242.46902522764594,215.89789520824004
287,France,-40.744,-64.408,31.973000000000003,-81.28,-81.778,-72.987,862,2206,29.0,300.38811762949695,242.46902522764594
288,France,-44.878,-65.111,33.775,-82.569,-82.149,-73.938,1102,3250,30.0,337.6921928646067,300.38811762949695
289,France,-48.464,-66.753,31.65,-84.32799999999999,-82.635,-72.968,1333,3907,31.0,382.1465890431408,337.6921928646067
290,France,-45.849,-66.837,33.957,-83.667,-83.03,-73.925,1698,4955,32.0,441.12554112554113,382.1465890431408
291,France,-45.79600000000001,-67.9,37.338,-83.61,-83.571,-73.033,1997,5707,33.0,498.61173309449174,441.12554112554113
292,France,-55.646,-76.191,24.506999999999998,-87.444,-83.01,-58.919,2317,5724,34.0,568.8162412300344,498.61173309449174
293,France,-72.482,-81.836,18.180999999999997,-88.007,-86.667,-56.485,2611,7226,35.0,607.6727869831318,568.8162412300344
294,France,-46.603,-65.635,32.546,-83.594,-83.26700000000001,-73.57,3030,7964,36.0,674.2797432452605,607.6727869831318
295,France,-37.661,-61.42100000000001,33.383,-89.59200000000001,-81.624,-73.508,3532,9513,37.0,788.5803851321093,674.2797432452605
296,France,-39.054,-61.92,30.938000000000002,-90.351,-81.28399999999999,-71.46,4043,11053,38.0,862.054037916107,788.5803851321093
297,France,-35.75,-61.63399999999999,33.314,-89.715,-81.829,-72.793,5398,12548,39.0,894.5962083893119,862.054037916107
298,France,-37.84,-65.77199999999999,36.649,-85.53299999999999,-82.073,-71.797,6520,14135,40.0,973.3094491715182,894.5962083893119
299,France,-45.303000000000004,-73.229,23.886999999999997,-88.37,-80.029,-57.031000000000006,7574,15572,41.0,1356.142707866846,973.3094491715182
300,France,-61.607,-73.328,17.489,-85.443,-82.03399999999999,-52.566,8093,16349,42.0,1399.8059411852516,1356.142707866846
301,United Kingdom,-2.1719999999999997,-4.552,-0.314,-0.7390000000000001,2.888,-0.826,0,8,0.0,0.13503375843960988,0.0
302,United Kingdom,-0.7190000000000001,-8.558,1.403,-3.2439999999999998,-2.18,-2.07,0,8,1.0,0.19504876219054762,0.13503375843960988
303,United Kingdom,4.216,3.406,0.373,-0.77,0.616,0.5720000000000001,0,8,2.0,0.19504876219054762,0.19504876219054762
304,United Kingdom,-0.281,5.681,0.491,0.551,-0.662,0.6679999999999999,0,8,3.0,0.19504876219054762,0.19504876219054762
305,United Kingdom,0.88,7.632000000000001,0.483,2.215,0.079,0.19,0,8,4.0,0.22505626406601648,0.19504876219054762
306,United Kingdom,0.857,-12.745999999999999,1.003,0.551,0.05,-0.6729999999999999,0,8,5.0,0.30007501875468867,0.22505626406601648
307,United Kingdom,0.9159999999999999,-14.23,0.486,1.1,-2.32,0.38299999999999995,0,8,6.0,0.34508627156789196,0.30007501875468867
308,United Kingdom,1.83,14.225,-0.6990000000000001,6.6610000000000005,5.356,1.3419999999999999,0,8,7.0,0.5401350337584395,0.34508627156789196
309,United Kingdom,3.9160000000000004,13.776,0.12300000000000001,4.498,-0.004,0.687,0,8,8.0,0.6001500375093773,0.5401350337584395
310,United Kingdom,2.5789999999999997,11.35,0.138,2.191,-0.9890000000000001,0.882,0,8,9.0,0.765191297824456,0.6001500375093773
311,United Kingdom,3.3810000000000002,1.9680000000000002,0.5770000000000001,1.9280000000000002,-1.608,0.799,0,8,10.0,1.2903225806451613,0.765191297824456
312,United Kingdom,1.982,1.178,0.7070000000000001,-0.951,-2.846,0.419,1,8,11.0,1.740435108777194,1.2903225806451613
313,United Kingdom,5.65,22.236,0.124,4.707,1.187,0.612,2,8,12.0,2.460615153788447,1.740435108777194
314,United Kingdom,1.626,6.8660000000000005,0.021,-0.23600000000000002,-0.507,1.349,2,18,13.0,3.1057764441110276,2.460615153788447
315,United Kingdom,2.463,15.333,-0.606,3.888,2.053,1.179,3,18,14.0,4.111027756939235,3.1057764441110276
316,United Kingdom,3.6660000000000004,4.189,0.797,0.071,-3.267,0.065,4,18,15.0,4.831207801950487,4.111027756939235
317,United Kingdom,4.946000000000001,3.554,1.08,-1.639,-3.9939999999999998,-0.32799999999999996,6,19,16.0,5.761440360090022,4.831207801950487
318,United Kingdom,4.838,9.58,1.272,-0.157,-5.577000000000001,-0.33899999999999997,8,19,17.0,6.886721680420105,5.761440360090022
319,United Kingdom,10.729000000000001,5.425,1.652,-1.453,-8.128,-1.452,8,19,18.0,6.886721680420105,6.886721680420105
320,United Kingdom,11.255999999999998,12.475999999999999,2.354,-2.181,-9.327,-3.949,8,19,19.0,12.033008252063015,6.886721680420105
321,United Kingdom,7.3420000000000005,0.71,2.431,-10.119,-15.149000000000001,-2.177,21,19,20.0,17.16429107276819,12.033008252063015
322,United Kingdom,6.989,-1.047,1.868,-10.751,-15.969000000000001,-3.975,21,19,21.0,17.179294823705924,17.16429107276819
323,United Kingdom,20.057000000000002,29.355,3.662,-3.005,-16.462,-8.713,56,21,22.0,23.270817704426104,17.179294823705924
324,United Kingdom,20.789,6.345,7.482,-15.261,-27.061,-16.412,56,53,23.0,29.40735183795949,23.270817704426104
325,United Kingdom,22.41,-3.1860000000000004,10.408,-21.083000000000002,-33.843,-22.714000000000002,72,67,24.0,39.63990997749437,29.40735183795949
326,United Kingdom,24.123,2.436,11.453,-21.443,-36.729,-26.88,138,67,25.0,40.75018754688672,39.63990997749437
327,United Kingdom,9.889,6.204,12.737,-28.338,-39.531,-28.86,178,67,26.0,60.22505626406601,40.75018754688672
328,United Kingdom,1.288,1.6869999999999998,10.800999999999998,-49.728,-46.178999999999995,-25.255,234,67,27.0,76.02400600150037,60.22505626406601
329,United Kingdom,-13.558,19.599,8.552999999999999,-56.428999999999995,-46.056999999999995,-29.987,282,67,28.0,86.19654913728431,76.02400600150037
330,United Kingdom,-8.06,1.4169999999999998,17.205,-45.136,-52.518,-45.498999999999995,336,67,29.0,100.91522880720179,86.19654913728431
331,United Kingdom,-23.636,-14.469000000000001,23.648000000000003,-70.817,-64.184,-58.24100000000001,423,140,30.0,122.49062265566391,100.91522880720179
332,United Kingdom,-25.859,-11.868,26.188000000000002,-73.325,-67.957,-64.009,466,140,31.0,144.63615903975992,122.49062265566391
333,United Kingdom,-28.079,-10.981,27.057,-74.267,-69.835,-66.083,580,150,32.0,177.22430607651913,144.63615903975992
334,United Kingdom,-28.803,-26.353,28.236,-75.783,-70.682,-66.399,761,151,33.0,221.2303075768942,177.22430607651913
335,United Kingdom,-38.775999999999996,-54.393,19.692,-83.179,-73.99600000000001,-57.181000000000004,1021,151,34.0,259.7449362340585,221.2303075768942
336,United Kingdom,-45.678999999999995,-52.382,15.445,-84.787,-74.717,-55.326,1231,151,35.0,296.7741935483871,259.7449362340585
337,United Kingdom,-32.257,-32.513000000000005,26.643,-74.071,-72.567,-68.962,1411,171,36.0,336.8792198049512,296.7741935483871
338,United Kingdom,-30.051,-20.74,27.249000000000002,-74.119,-71.641,-69.521,1793,179,37.0,382.31057764441107,336.8792198049512
339,United Kingdom,-32.096,-28.52,28.198,-75.382,-72.995,-69.43,2357,179,38.0,448.0870217554388,382.31057764441107
340,United Kingdom,-31.53,-24.471999999999998,28.511,-75.288,-73.492,-69.691,2926,192,39.0,512.7231807951988,448.0870217554388
341,United Kingdom,-29.945,-24.943,28.929000000000002,-75.801,-71.888,-68.669,3611,208,40.0,580.4801200300075,512.7231807951988
342,United Kingdom,-36.235,-37.668,19.249000000000002,-81.405,-71.611,-56.77,4320,215,41.0,637.3143285821454,580.4801200300075
343,United Kingdom,-41.018,-28.555999999999997,14.842,-81.94200000000001,-70.423,-53.626000000000005,4943,229,42.0,726.7216804201049,637.3143285821454
344,Indonesia,-1.204,-4.647,1.248,-1.959,-4.2989999999999995,3.4960000000000004,0,0,0.0,0.0,0.0
345,Indonesia,-3.135,-3.995,1.026,-2.449,-1.405,3.6630000000000003,0,0,1.0,0.0,0.0
346,Indonesia,-2.0540000000000003,-5.537000000000001,2.7880000000000003,-5.3660000000000005,-6.3260000000000005,-2.249,0,0,2.0,0.0,0.0
347,Indonesia,-0.846,-3.313,0.359,-1.975,0.09300000000000001,2.985,0,0,3.0,0.0,0.0
348,Indonesia,1.86,-2.6630000000000003,0.41200000000000003,0.251,2.38,3.9939999999999998,0,0,4.0,0.0,0.0
349,Indonesia,2.793,-5.428,0.528,0.8690000000000001,3.365,5.239,0,0,5.0,0.0,0.0
350,Indonesia,5.782,-6.891,-0.174,2.219,4.1,5.755,0,0,6.0,0.0,0.0
351,Indonesia,5.181,-8.158,0.746,1.284,0.19899999999999998,2.947,0,0,7.0,0.0,0.0
352,Indonesia,12.08,-0.21899999999999997,-0.324,5.397,2.764,4.937,0,0,8.0,0.007471049682480389,0.0
353,Indonesia,9.789,-2.15,0.314,2.813,1.556,4.8069999999999995,0,0,9.0,0.007471049682480389,0.007471049682480389
354,Indonesia,3.675,-4.753,1.103,0.154,-0.863,4.155,0,0,10.0,0.007471049682480389,0.007471049682480389
355,Indonesia,7.835,-1.368,0.474,3.5210000000000004,3.3089999999999997,4.239,0,0,11.0,0.007471049682480389,0.007471049682480389
356,Indonesia,3.682,-3.295,0.574,2.425,3.0580000000000003,6.428999999999999,0,0,12.0,0.014942099364960777,0.007471049682480389
357,Indonesia,5.959,-4.401,0.253,2.765,2.714,5.555,0,0,13.0,0.014942099364960777,0.014942099364960777
358,Indonesia,4.412,-3.7539999999999996,1.082,1.171,-1.463,3.823,0,0,14.0,0.022413149047441166,0.014942099364960777
359,Indonesia,3.478,-1.0490000000000002,0.785,2.4,0.71,4.534,0,0,15.0,0.0709749719835637,0.022413149047441166
360,Indonesia,5.8870000000000005,2.022,0.637,3.389,1.392,3.903,0,2,16.0,0.10085917071348525,0.0709749719835637
361,Indonesia,4.715,2.344,0.586,3.202,0.7829999999999999,3.741,1,2,17.0,0.1270078446021666,0.10085917071348525
362,Indonesia,3.137,0.18600000000000003,0.815,2.174,0.63,3.679,1,2,18.0,0.1270078446021666,0.1270078446021666
363,Indonesia,2.668,-2.416,0.684,2.112,1.006,5.569,4,2,19.0,0.25775121404557344,0.1270078446021666
364,Indonesia,3.194,-6.364,1.266,-2.149,-5.272,5.45,5,8,20.0,0.35861038475905865,0.25775121404557344
365,Indonesia,3.4389999999999996,-11.775,2.855,-7.285,-12.124,4.124,5,8,21.0,0.43705640642510274,0.35861038475905865
366,Indonesia,1.62,-8.304,5.087,-6.504,-12.459000000000001,-7.627999999999999,5,8,22.0,0.500560328726186,0.43705640642510274
367,Indonesia,1.34,-10.39,6.143,-8.687000000000001,-16.408,-12.939,5,8,23.0,0.6425102726933134,0.500560328726186
368,Indonesia,0.092,-11.704,7.694,-10.787,-21.189,-15.888,19,11,24.0,0.8479641389615241,0.6425102726933134
369,Indonesia,-5.155,-16.567999999999998,8.843,-15.890999999999998,-26.36,-17.389,25,11,25.0,1.1617482256257006,0.8479641389615241
370,Indonesia,-6.909,-21.095,10.093,-19.178,-31.336,-18.266,32,15,26.0,1.3784086664176318,1.1617482256257006
371,Indonesia,-5.462000000000001,-29.565,8.66,-22.551,-33.103,-10.623,38,15,27.0,1.6809861785580875,1.3784086664176318
372,Indonesia,-14.751,-38.89,10.4,-32.451,-42.42,-6.825,48,29,28.0,1.9200597683974598,1.6809861785580875
373,Indonesia,-12.495999999999999,-24.771,12.929,-26.738000000000003,-41.229,-26.86,49,29,29.0,2.1628688830780725,1.9200597683974598
374,Indonesia,-10.638,-26.244,13.3,-29.408,-41.611000000000004,-31.233,55,30,30.0,2.5625700410907735,2.1628688830780725
375,Indonesia,-20.051,-30.514,21.26,-38.18,-52.365,-59.449,58,31,31.0,2.9510646245797534,2.5625700410907735
376,Indonesia,-16.578,-29.819000000000003,14.94,-34.008,-46.17100000000001,-33.501,78,35,32.0,3.3358236832274937,2.9510646245797534
377,Indonesia,-16.624000000000002,-34.397,16.011,-35.796,-49.29,-32.631,87,46,33.0,3.9073589839372436,3.3358236832274937
378,Indonesia,-20.031,-46.044,14.674000000000001,-41.695,-49.913999999999994,-23.41,102,59,34.0,4.314531191632424,3.9073589839372436
379,Indonesia,-27.01,-52.354,15.02,-47.24,-54.465,-15.389000000000001,114,64,35.0,4.80014942099365,4.314531191632424
380,Indonesia,-19.823,-32.246,15.918,-35.908,-50.707,-33.937,122,75,36.0,5.282032125513635,4.80014942099365
381,Indonesia,-16.031,-31.588,15.327,-35.15,-49.151,-34.907,136,81,37.0,5.707881957415017,5.282032125513635
382,Indonesia,-10.128,-28.326,14.795,-31.34,-49.023999999999994,-34.929,157,103,38.0,6.264475158759806,5.707881957415017
383,Indonesia,-12.84,-29.469,15.684000000000001,-32.535,-50.38399999999999,-35.4,170,112,39.0,6.686589465819948,6.264475158759806
384,Indonesia,-17.418,-34.179,16.539,-35.159,-53.361000000000004,-34.015,181,134,40.0,7.418752334703026,6.686589465819948
385,Indonesia,-20.365,-45.034,14.698,-39.971,-54.223,-25.454,191,150,41.0,7.814717967874487,7.418752334703026
386,Indonesia,-23.666999999999998,-49.528,14.354000000000001,-43.438,-57.611000000000004,-16.689,198,164,42.0,8.490847964138961,7.814717967874487
387,India,-1.192,0.7170000000000001,0.9690000000000001,-2.077,-0.484,2.213,0,3,0.0,0.0022172949002217295,0.0
388,India,0.036000000000000004,2.103,0.18899999999999997,-1.264,0.882,4.271,0,3,1.0,0.0022172949002217295,0.0022172949002217295
389,India,-1.7369999999999999,2.65,0.128,-0.691,1.087,1.055,0,3,2.0,0.0022172949002217295,0.0022172949002217295
390,India,-0.19699999999999998,1.4969999999999999,-0.6829999999999999,0.358,2.6289999999999996,3.25,0,3,3.0,0.0022172949002217295,0.0022172949002217295
391,India,-0.6990000000000001,3.362,-0.205,-0.6779999999999999,0.97,3.596,0,3,4.0,0.0022172949002217295,0.0022172949002217295
392,India,1.423,3.2239999999999998,0.039,0.287,1.49,4.656000000000001,0,3,5.0,0.0022172949002217295,0.0022172949002217295
393,India,-0.78,-0.8190000000000001,0.32,-1.767,0.247,7.707000000000001,0,3,6.0,0.0022172949002217295,0.0022172949002217295
394,India,3.565,0.657,0.752,0.9670000000000001,0.34700000000000003,3.3810000000000002,0,3,7.0,0.0022172949002217295,0.0022172949002217295
395,India,2.476,2.7539999999999996,0.162,-0.257,-0.047,4.848,0,3,8.0,0.003695491500369549,0.0022172949002217295
396,India,1.7990000000000002,2.918,0.08199999999999999,-0.75,0.34,3.572,0,3,9.0,0.003695491500369549,0.003695491500369549
397,India,5.343999999999999,0.892,0.001,0.456,2.705,6.921,0,3,10.0,0.020694752402069475,0.003695491500369549
398,India,2.983,2.627,0.36200000000000004,-0.7290000000000001,1.7719999999999998,4.968999999999999,0,3,11.0,0.022172949002217297,0.020694752402069475
399,India,2.0580000000000003,-0.322,1.008,-1.308,2.6239999999999997,4.825,0,3,12.0,0.022912047302291204,0.022172949002217297
400,India,5.812,1.78,0.11199999999999999,0.24,4.909,6.876,0,3,13.0,0.025129342202512936,0.022912047302291204
401,India,8.745,1.71,0.2,2.16,3.201,6.03,0,3,14.0,0.028824833702882482,0.025129342202512936
402,India,5.905,4.058,3.498,-1.361,-6.067,-12.394,0,3,15.0,0.031781226903178125,0.028824833702882482
403,India,-22.915,-3.6239999999999997,11.229000000000001,-19.005,-22.171999999999997,-43.88,0,4,16.0,0.04138950480413895,0.031781226903178125
404,India,-1.171,-1.798,0.727,-5.18,-0.845,-5.349,1,4,17.0,0.04582409460458241,0.04138950480413895
405,India,0.5720000000000001,1.889,0.105,-3.315,-0.46,-0.364,1,4,18.0,0.05395417590539542,0.04582409460458241
406,India,1.433,-0.126,1.107,-4.978,-1.9709999999999999,0.354,2,4,19.0,0.06060606060606061,0.05395417590539542
407,India,-2.517,-5.5920000000000005,3.64,-10.597999999999999,-7.763999999999999,-5.534,2,4,20.0,0.07538802660753881,0.06060606060606061
408,India,-0.894,-6.497999999999999,2.6,-11.093,-6.608,1.6640000000000001,2,13,21.0,0.0835181079083518,0.07538802660753881
409,India,1.561,-1.4780000000000002,2.714,-7.599,-5.834,-3.938,2,13,22.0,0.08795269770879527,0.0835181079083518
410,India,0.272,-2.16,3.142,-10.512,-8.524,-8.356,3,14,23.0,0.1049519586104952,0.08795269770879527
411,India,1.449,-5.867999999999999,3.858,-11.895,-9.969,-7.61,3,14,24.0,0.11529933481152993,0.1049519586104952
412,India,1.126,-6.891,4.914,-15.786,-14.009,-11.142999999999999,4,15,25.0,0.1433850702143385,0.11529933481152993
413,India,0.914,-12.683,6.984,-22.318,-18.195,-14.866,5,20,26.0,0.180339985218034,0.1433850702143385
414,India,-4.04,-22.68,8.271,-33.736999999999995,-25.235,-17.765,4,23,27.0,0.24390243902439024,0.180339985218034
415,India,-76.363,-57.623999999999995,21.371,-78.074,-69.51100000000001,-49.251000000000005,7,27,28.0,0.2926829268292683,0.24390243902439024
416,India,-27.006,-35.079,19.905,-54.169,-52.193999999999996,-50.413000000000004,10,27,29.0,0.36881005173688103,0.2926829268292683
417,India,-47.76,-44.486999999999995,25.194000000000003,-67.533,-63.67,-64.91199999999999,10,40,30.0,0.3961566888396157,0.36881005173688103
418,India,-64.123,-52.799,30.267,-76.904,-73.23,-71.834,12,43,31.0,0.48558758314855877,0.3961566888396157
419,India,-63.799,-50.977,29.980999999999998,-76.438,-73.14699999999999,-70.256,20,45,32.0,0.5373244641537325,0.48558758314855877
420,India,-63.591,-51.872,30.885,-76.733,-73.294,-69.78,20,73,33.0,0.6555801921655581,0.5373244641537325
421,India,-65.2,-54.355,29.099,-77.923,-73.296,-65.786,24,84,34.0,0.729490022172949,0.6555801921655581
422,India,-65.28699999999999,-56.523999999999994,21.993000000000002,-77.059,-71.29899999999999,-46.674,27,95,35.0,0.7568366592756837,0.729490022172949
423,India,-63.416000000000004,-51.18899999999999,30.121,-75.92399999999999,-73.76100000000001,-67.977,32,102,36.0,0.9246119733924612,0.7568366592756837
424,India,-63.001000000000005,-50.224,28.717,-75.472,-72.72,-68.22399999999999,35,123,37.0,1.032520325203252,0.9246119733924612
425,India,-63.988,-51.968999999999994,29.34,-76.245,-73.006,-68.245,58,148,38.0,1.476718403547672,1.032520325203252
426,India,-64.96,-51.245,30.213,-76.443,-73.57600000000001,-69.235,72,191,39.0,1.8795269770879528,1.476718403547672
427,India,-62.276,-50.525,29.823,-75.62,-72.616,-66.67699999999999,72,192,40.0,1.8972653362897265,1.8795269770879528
428,India,-63.82,-53.44,27.834,-76.867,-72.652,-61.095,86,229,41.0,2.27790096082779,1.8972653362897265
429,India,-64.9,-56.07,21.094,-76.539,-71.191,-42.906000000000006,99,229,42.0,2.6518847006651884,2.27790096082779
430,Italy,16.073,23.070999999999998,-0.05,-5.313,5.6610000000000005,1.037,3,2,0.0,2.567925778661365,0.0
431,Italy,23.017,21.999000000000002,4.053999999999999,-4.181,-14.71,-13.79,7,1,1.0,3.7939032471835654,2.567925778661365
432,Italy,5.011,19.648,5.245,-5.959,-18.298,-15.092,10,1,2.0,5.334658714380384,3.7939032471835654
433,Italy,-4.899,-5.877000000000001,5.696000000000001,-13.302999999999999,-22.778000000000002,-12.405,12,3,3.0,7.504970178926442,5.334658714380384
434,Italy,-2.81,-1.197,5.697,-9.615,-21.733,-11.853,17,45,4.0,10.851557322730285,7.504970178926442
435,Italy,-2.3169999999999997,10.527000000000001,5.127999999999999,-7.997000000000001,-19.689,-11.739,21,46,5.0,14.711729622266402,10.851557322730285
436,Italy,-2.056,2.293,3.385,-9.937000000000001,-16.064,-8.557,29,46,6.0,18.687872763419485,14.711729622266402
437,Italy,-5.295,-29.793000000000003,4.26,-18.881,-25.69,-5.316,34,83,7.0,28.0649436713055,18.687872763419485
438,Italy,-6.676,-26.105,4.976,-13.422,-24.525,-8.533,52,149,8.0,33.730947647448644,28.0649436713055
439,Italy,-0.9440000000000001,-8.655,4.282,-6.956,-20.695999999999998,-8.134,79,160,9.0,41.45129224652087,33.730947647448644
440,Italy,0.669,7.897,3.904,-7.297999999999999,-18.791,-8.029,107,276,10.0,51.176275679257785,41.45129224652087
441,Italy,0.409,-11.690999999999999,6.973,-12.297,-27.645,-15.805,148,414,11.0,63.916500994035786,51.176275679257785
442,Italy,0.302,-7.7620000000000005,7.755,-14.77,-28.523000000000003,-16.676,197,523,12.0,76.80583167660703,63.916500994035786
443,Italy,1.21,1.881,6.013999999999999,-19.283,-23.886,-15.107000000000001,233,589,13.0,97.46520874751491,76.80583167660703
444,Italy,2.563,1.224,5.999,-31.554000000000002,-26.989,-10.45,366,622,14.0,122.18356527501656,97.46520874751491
445,Italy,-0.8190000000000001,-23.921999999999997,11.4,-30.044,-42.398999999999994,-23.842,463,724,15.0,151.95493704440025,122.18356527501656
446,Italy,-2.206,-31.901999999999997,15.690999999999999,-43.035,-50.763000000000005,-31.261,631,724,16.0,168.14115308151094,151.95493704440025
447,Italy,-14.399000000000001,-31.784000000000002,18.658,-51.982,-56.71,-37.155,827,1045,17.0,206.46123260437375,168.14115308151094
448,Italy,-23.274,-60.575,24.298000000000002,-70.28399999999999,-67.154,-46.77,827,1045,18.0,206.46123260437375,206.46123260437375
449,Italy,-27.691,-63.773,27.548000000000002,-74.76,-70.868,-52.857,1266,1439,19.0,292.5778661365143,206.46123260437375
450,Italy,-42.62,-78.30199999999999,24.989,-83.365,-76.13600000000001,-57.691,1441,1966,20.0,350.5135851557323,292.5778661365143
451,Italy,-59.72,-81.116,22.092,-90.15100000000001,-80.134,-55.273,1809,2335,21.0,409.9900596421471,350.5135851557323
452,Italy,-36.513000000000005,-67.388,27.16,-75.02199999999999,-74.403,-57.678999999999995,2158,2749,22.0,463.55202120609675,409.9900596421471
453,Italy,-40.88,-68.041,28.555999999999997,-77.08,-75.555,-60.628,2503,2941,23.0,521.9681908548707,463.55202120609675
454,Italy,-43.43,-70.684,29.575,-78.752,-76.815,-61.318000000000005,2978,4025,24.0,591.6666666666666,521.9681908548707
455,Italy,-43.623999999999995,-73.96300000000001,30.711,-79.025,-77.985,-62.668,3405,4440,25.0,679.8376408217363,591.6666666666666
456,Italy,-40.066,-77.295,32.105,-79.855,-78.304,-63.245,4032,4440,26.0,779.0092776673293,679.8376408217363
457,Italy,-51.501000000000005,-85.15899999999999,26.486,-85.90299999999999,-80.385,-62.611000000000004,4825,6072,27.0,887.6408217362492,779.0092776673293
458,Italy,-84.64,-91.456,24.228,-94.79,-86.887,-63.423,5476,7024,28.0,979.7548045062956,887.6408217362492
459,Italy,-45.417,-80.842,31.618000000000002,-80.113,-80.985,-68.042,6077,7024,29.0,1059.0954274353876,979.7548045062956
460,Italy,-47.981,-80.165,32.476,-81.387,-80.609,-69.18,6820,8326,30.0,1146.0569913850231,1059.0954274353876
461,Italy,-51.36600000000001,-82.369,33.621,-83.29799999999999,-81.94,-70.19,7503,9362,31.0,1232.3724320742213,1146.0569913850231
462,Italy,-51.891999999999996,-84.025,35.26,-84.18299999999999,-83.16799999999999,-72.316,8215,10361,32.0,1335.1391650099404,1232.3724320742213
463,Italy,-45.747,-82.339,35.986999999999995,-82.76700000000001,-82.154,-71.253,9134,10950,33.0,1433.035122597747,1335.1391650099404
464,Italy,-53.691,-85.686,27.355999999999998,-86.52600000000001,-81.548,-64.905,10023,12384,34.0,1532.0079522862823,1433.035122597747
465,Italy,-84.79799999999999,-90.208,23.88,-94.49600000000001,-86.571,-63.285,10779,13030,35.0,1618.4393638170975,1532.0079522862823
466,Italy,-46.812,-79.29899999999999,31.921999999999997,-81.262,-80.686,-69.318,11591,14620,36.0,1685.5367793240557,1618.4393638170975
467,Italy,-42.413999999999994,-77.696,32.625,-90.42299999999999,-79.234,-70.19800000000001,12428,15729,37.0,1752.6838966202783,1685.5367793240557
468,Italy,-41.175,-77.12,32.922,-90.406,-78.593,-69.586,13155,16847,38.0,1831.9085487077534,1752.6838966202783
469,Italy,-40.234,-77.29,33.659,-90.03399999999999,-78.794,-69.678,13915,18278,39.0,1909.2445328031808,1831.9085487077534
470,Italy,-37.501999999999995,-78.429,34.659,-84.958,-79.454,-69.014,14681,19758,40.0,1985.2054340622929,1909.2445328031808
471,Italy,-47.714,-84.445,26.87,-88.51899999999999,-79.949,-63.113,15362,20996,41.0,2064.811133200795,1985.2054340622929
472,Italy,-82.10799999999999,-89.874,24.031,-95.15799999999999,-85.87799999999999,-62.256,15887,21815,42.0,2136.315440689198,2064.811133200795
473,Japan,3.236,16.085,-0.20199999999999999,0.5489999999999999,1.746,-0.003,1,22,0.0,1.1620553359683794,0.0
474,Japan,3.928,53.543,14.365,17.69,-26.635,-54.747,1,22,1.0,1.256916996047431,1.1620553359683794
475,Japan,6.611000000000001,-0.318,0.862,0.109,-1.858,0.7559999999999999,1,22,2.0,1.3438735177865613,1.256916996047431
476,Japan,3.3360000000000003,-4.989,0.9670000000000001,-3.701,-5.11,0.502,2,22,3.0,1.4940711462450593,1.3438735177865613
477,Japan,6.346,-3.77,1.45,-2.838,-6.716,0.317,4,22,4.0,1.691699604743083,1.4940711462450593
478,Japan,13.866,-4.224,2.182,-2.144,-10.148,0.693,4,22,5.0,1.8023715415019763,1.691699604743083
479,Japan,9.376,-22.303,4.158,-9.777000000000001,-20.686999999999998,3.1889999999999996,5,32,6.0,1.9051383399209487,1.8023715415019763
480,Japan,8.767999999999999,-1.15,3.636,-10.312000000000001,-23.195999999999998,1.474,6,32,7.0,2.0237154150197627,1.9051383399209487
481,Japan,2.524,-15.437000000000001,3.679,-9.91,-15.414000000000001,-1.631,6,32,8.0,2.16600790513834,2.0237154150197627
482,Japan,8.856,11.454,3.5260000000000002,-1.7619999999999998,-15.122,-2.487,6,43,9.0,2.316205533596838,2.16600790513834
483,Japan,-1.8419999999999999,-20.642,4.83,-12.207,-19.22,-4.183,6,43,10.0,2.616600790513834,2.316205533596838
484,Japan,2.701,-8.238999999999999,4.336,-8.561,-17.712,-3.6489999999999996,6,43,11.0,2.8458498023715415,2.616600790513834
485,Japan,1.6669999999999998,4.838,4.872,-9.369,-18.117,-3.7110000000000003,6,46,12.0,3.3201581027667983,2.8458498023715415
486,Japan,2.085,-8.2,5.256,-12.050999999999998,-23.584,-3.5260000000000002,6,76,13.0,3.644268774703557,3.3201581027667983
487,Japan,-4.19,-35.228,5.763,-16.707,-31.487,-5.364,6,76,14.0,3.9683794466403164,3.644268774703557
488,Japan,1.841,11.235,3.75,-6.909,-15.16,-2.988,10,76,15.0,4.0395256916996045,3.9683794466403164
489,Japan,-2.5639999999999996,-28.285,5.811,-9.326,-18.468,-5.381,10,101,16.0,4.592885375494071,4.0395256916996045
490,Japan,4.118,12.753,3.472,-3.304,-15.812000000000001,-4.245,15,118,17.0,5.051383399209486,4.592885375494071
491,Japan,5.422999999999999,16.148,3.4960000000000004,-2.617,-15.433,-4.15,16,118,18.0,5.051383399209486,5.051383399209486
492,Japan,2.891,10.026,4.531000000000001,-4.89,-16.785999999999998,-4.477,19,118,19.0,5.541501976284585,5.051383399209486
493,Japan,-4.2989999999999995,-38.849000000000004,6.662000000000001,-13.815,-27.464000000000002,-7.402,22,118,20.0,6.1106719367588935,5.541501976284585
494,Japan,5.122000000000001,9.162,3.4939999999999998,-7.212000000000001,-21.311999999999998,-2.625,22,118,21.0,6.632411067193676,6.1106719367588935
495,Japan,-0.013000000000000001,-6.595,3.905,-6.935,-15.258,-2.965,27,144,22.0,6.632411067193676,6.632411067193676
496,Japan,4.019,13.988,3.6210000000000004,-1.026,-14.728,-3.7939999999999996,29,144,23.0,6.940711462450593,6.632411067193676
497,Japan,3.306,20.43,2.7689999999999997,-2.6919999999999997,-13.507,-3.509,29,144,24.0,7.027667984189724,6.940711462450593
498,Japan,6.081,16.717,1.859,4.409,-10.261,-4.229,29,150,25.0,7.304347826086956,7.027667984189724
499,Japan,6.306,39.906,16.919,7.212999999999999,-33.735,-53.858999999999995,33,191,26.0,7.612648221343873,7.304347826086956
500,Japan,4.931,33.929,3.361,-5.9270000000000005,-14.602,-7.287999999999999,35,232,27.0,7.9604743083003955,7.612648221343873
501,Japan,1.204,17.805999999999997,2.803,-8.93,-17.707,-3.116,41,235,28.0,8.703557312252965,7.9604743083003955
502,Japan,0.295,10.686,3.198,-4.1739999999999995,-12.985999999999999,-3.3369999999999997,42,235,29.0,8.91699604743083,8.703557312252965
503,Japan,3.1839999999999997,14.369000000000002,3.705,0.33899999999999997,-13.323,-4.293,43,285,30.0,9.430830039525691,8.91699604743083
504,Japan,8.049,30.783,2.443,1.706,-11.15,-4.365,45,310,31.0,10.33201581027668,9.430830039525691
505,Japan,12.581,25.921999999999997,3.034,0.12300000000000001,-12.860999999999999,-5.1739999999999995,47,359,32.0,10.964426877470355,10.33201581027668
506,Japan,3.0039999999999996,-9.461,6.122999999999999,-9.503,-19.4,-7.303,49,372,33.0,11.604743083003953,10.964426877470355
507,Japan,1.004,-23.070999999999998,7.207000000000001,-18.094,-32.555,-7.843999999999999,52,404,34.0,13.383399209486166,11.604743083003953
508,Japan,-7.289,-24.671999999999997,7.138999999999999,-25.87,-40.606,-8.538,54,424,35.0,14.75098814229249,13.383399209486166
509,Japan,3.9560000000000004,-2.2319999999999998,5.33,-7.3020000000000005,-19.604,-7.597,54,424,36.0,14.75098814229249,14.75098814229249
510,Japan,6.526,8.971,5.43,-4.3260000000000005,-19.502,-7.17,56,424,37.0,15.438735177865613,14.75098814229249
511,Japan,-4.662,-29.165,6.8260000000000005,-19.636,-24.820999999999998,-9.901,57,472,38.0,17.217391304347824,15.438735177865613
512,Japan,6.479,13.435,6.237,-12.009,-23.254,-10.46,62,472,39.0,19.723320158102766,17.217391304347824
513,Japan,5.565,25.704,7.143,-14.485999999999999,-24.521,-10.564,63,514,40.0,20.68774703557312,19.723320158102766
514,Japan,6.485,26.386999999999997,8.004,-20.552,-35.328,-12.195,77,514,41.0,24.81422924901186,20.68774703557312
515,Japan,2.222,3.465,7.806,-25.386,-42.858999999999995,-13.279000000000002,77,514,42.0,24.81422924901186,24.81422924901186
516,South Korea,-18.094,-11.841,8.347000000000001,-31.261999999999997,-25.255,-9.48,6,18,0.0,11.657629744384199,0.0
517,South Korea,6.224,6.404,7.666,-20.961,-15.275,-5.846,8,18,1.0,16.13090627420604,11.657629744384199
518,South Korea,-12.620999999999999,-38.108000000000004,9.9,-32.566,-25.853,-10.475,10,22,2.0,18.919442292796283,16.13090627420604
519,South Korea,-7.292999999999999,5.159,9.302,-29.182,-22.208000000000002,-10.815,12,22,3.0,24.419054996127034,18.919442292796283
520,South Korea,-10.415,0.5760000000000001,9.441,-30.092,-24.139,-10.288,13,22,4.0,34.1982958946553,24.419054996127034
521,South Korea,-16.559,-37.909,13.120999999999999,-36.609,-29.772,-11.823,13,22,5.0,45.2556158017041,34.1982958946553
522,South Korea,-9.729,-12.536,12.460999999999999,-37.591,-31.666999999999998,-9.717,16,27,6.0,60.9992254066615,45.2556158017041
523,South Korea,-7.982,-17.3,11.332,-40.59,-36.214,-15.975,17,30,7.0,72.34701781564678,60.9992254066615
524,South Korea,-0.784,9.916,9.175,-23.023000000000003,-19.553,-8.395,28,30,8.0,83.94655305964369,72.34701781564678
525,South Korea,-6.992999999999999,2.434,7.784,-24.004,-20.774,-8.764,28,30,9.0,100.4260263361735,83.94655305964369
526,South Korea,-10.375,-7.171,10.027000000000001,-29.612,-25.381999999999998,-10.505,35,41,10.0,108.84972889233153,100.4260263361735
527,South Korea,-11.39,-1.703,9.369,-28.241,-24.845,-8.927999999999999,35,41,11.0,117.89310611928737,108.84972889233153
528,South Korea,-8.048,0.573,10.146,-26.753,-22.269000000000002,-8.613,42,135,12.0,127.67234701781564,117.89310611928737
529,South Korea,-7.332999999999999,-16.067,11.332,-32.378,-29.465999999999998,-7.932,44,135,13.0,136.34779240898527,127.67234701781564
530,South Korea,-13.593,34.202,8.545,-26.816999999999997,-23.695999999999998,-13.832,50,118,14.0,141.63439194422926,136.34779240898527
531,South Korea,1.126,16.055,8.086,-18.515,-16.574,-6.071000000000001,53,118,15.0,144.81022463206816,141.63439194422926
532,South Korea,-11.325999999999999,-32.214,9.22,-26.8,-24.511999999999997,-8.701,54,247,16.0,145.4879938032533,144.81022463206816
533,South Korea,-2.9989999999999997,23.49,7.914,-21.909000000000002,-18.023,-8.203,60,288,17.0,150.17428350116188,145.4879938032533
534,South Korea,-4.755,18.526,7.735,-23.0,-19.655,-6.983,66,333,18.0,152.38187451587916,150.17428350116188
535,South Korea,-4.614,1.989,9.314,-23.697,-19.885,-7.141,66,510,19.0,154.5120061967467,152.38187451587916
536,South Korea,0.963,3.9419999999999997,8.825,-24.535999999999998,-22.048000000000002,-5.313,72,510,20.0,156.58404337722695,154.5120061967467
537,South Korea,0.586,-3.088,8.772,-28.326,-28.616,-12.309000000000001,75,510,21.0,158.0557707203718,156.58404337722695
538,South Korea,1.06,22.677,7.681,-16.653,-16.089000000000002,-5.545,75,1137,22.0,159.48876839659178,158.0557707203718
539,South Korea,-4.695,11.850999999999999,6.392,-18.74,-17.000999999999998,-5.933,81,1407,23.0,161.1154144074361,159.48876839659178
540,South Korea,-0.9279999999999999,47.386,7.044,-19.177,-15.743,-7.0360000000000005,84,1540,24.0,162.91634391944228,161.1154144074361
541,South Korea,-13.401,-17.625,9.122,-28.296,-25.028000000000002,-6.907,91,1540,25.0,165.85979860573198,162.91634391944228
542,South Korea,-1.7280000000000002,17.387,8.02,-20.162,-16.789,-5.587000000000001,94,1540,26.0,167.5445391169636,165.85979860573198
543,South Korea,3.9789999999999996,30.87,7.4270000000000005,-21.261,-18.331,-5.016,102,1540,27.0,170.39116963594114,167.5445391169636
544,South Korea,-8.014,52.028,6.557,-20.03,-17.219,-12.41,111,2909,28.0,173.52827265685514,170.39116963594114
545,South Korea,6.072,46.95,6.772,-14.556,-13.263,-5.251,111,2909,29.0,173.52827265685514,173.52827265685514
546,South Korea,0.069,40.473,5.494,-16.19,-13.399000000000001,-5.965,120,3507,30.0,175.0,173.52827265685514
547,South Korea,1.117,60.636,6.609,-17.913,-13.514000000000001,-7.627000000000001,126,3730,31.0,176.93648334624322,175.0
548,South Korea,-7.849,3.0039999999999996,8.39,-24.945,-21.439,-7.249,131,4144,32.0,178.95042602633617,176.93648334624322
549,South Korea,-3.627,3.5989999999999998,9.757,-22.631,-19.819000000000003,-7.531000000000001,139,4528,33.0,180.71262587141752,178.95042602633617
550,South Korea,1.821,15.862,8.128,-22.897,-20.439,-6.643,144,4811,34.0,183.53989155693262,180.71262587141752
551,South Korea,10.640999999999998,51.356,6.266,-19.305,-17.239,-11.556,152,5033,35.0,185.573199070488,183.53989155693262
552,South Korea,4.216,59.708,6.577000000000001,-12.987,-11.909,-5.742999999999999,158,5228,36.0,187.08365608055772,185.573199070488
553,South Korea,2.122,53.995,4.902,-11.302,-9.535,-5.432,162,5408,37.0,189.50426026336174,187.08365608055772
554,South Korea,0.429,44.122,7.063,-17.962,-14.703,-7.502999999999999,165,5567,38.0,191.46010844306738,189.50426026336174
555,South Korea,-1.764,43.677,6.532,-18.015,-14.636,-6.307,169,5828,39.0,193.18357862122386,191.46010844306738
556,South Korea,0.8079999999999999,36.321,7.2589999999999995,-17.524,-12.522,-6.3420000000000005,174,6021,40.0,194.84895429899302,193.18357862122386
557,South Korea,5.398,25.21,7.129,-19.283,-16.474,-7.867000000000001,177,6325,41.0,196.66924864446165,194.84895429899302
558,South Korea,13.581,46.272,5.721,-16.769000000000002,-14.462,-12.599,183,6463,42.0,198.23780015491866,196.66924864446165
559,Mexico,1.405,8.318999999999999,-0.5820000000000001,2.055,7.04,1.527,0,0,0.0,0.0,0.0
560,Mexico,-0.142,6.1,-1.429,-1.713,3.505,8.353,0,0,1.0,0.0,0.0
561,Mexico,-1.956,7.144,-1.215,-1.5019999999999998,1.844,5.917999999999999,0,0,2.0,0.0,0.0
562,Mexico,-1.321,2.595,-0.745,-3.0010000000000003,1.226,6.391,0,0,3.0,0.0,0.0
563,Mexico,1.297,-0.39799999999999996,-0.972,0.74,2.352,6.952000000000001,0,0,4.0,0.0,0.0
564,Mexico,5.837999999999999,2.6,-2.075,3.4210000000000003,5.715,11.853,0,0,5.0,0.00792393026941363,0.0
565,Mexico,8.366,5.376,-1.081,5.507000000000001,4.762,5.5729999999999995,0,0,6.0,0.03169572107765452,0.00792393026941363
566,Mexico,8.665,6.511,-1.01,6.175,6.992000000000001,3.214,0,0,7.0,0.039619651347068144,0.03169572107765452
567,Mexico,5.952999999999999,1.786,-1.666,1.276,4.4910000000000005,10.405,0,0,8.0,0.039619651347068144,0.039619651347068144
568,Mexico,2.552,1.902,-1.5419999999999998,0.977,2.333,8.757,0,1,9.0,0.039619651347068144,0.039619651347068144
569,Mexico,4.3,2.2359999999999998,-1.278,1.0190000000000001,2.546,8.522,0,1,10.0,0.039619651347068144,0.039619651347068144
570,Mexico,3.2089999999999996,2.536,-1.3880000000000001,1.9469999999999998,2.8989999999999996,8.435,0,1,11.0,0.039619651347068144,0.039619651347068144
571,Mexico,0.392,-0.09300000000000001,-1.465,-1.3090000000000002,3.333,12.047,0,1,12.0,0.04754358161648178,0.039619651347068144
572,Mexico,1.911,3.7710000000000004,-0.358,0.6729999999999999,1.619,5.705,0,1,13.0,0.04754358161648178,0.04754358161648178
573,Mexico,3.1310000000000002,9.776,-0.377,3.375,3.529,3.47,0,1,14.0,0.0554675118858954,0.04754358161648178
574,Mexico,-5.837999999999999,-7.935,6.53,-10.795,-17.207,-15.562999999999999,0,1,15.0,0.0554675118858954,0.0554675118858954
575,Mexico,0.175,1.851,-1.517,-1.526,3.142,8.682,0,4,16.0,0.0554675118858954,0.0554675118858954
576,Mexico,1.9509999999999998,2.133,-1.271,-0.556,1.824,8.334,0,4,17.0,0.06339144215530904,0.0554675118858954
577,Mexico,3.761,3.2430000000000003,-1.723,1.3730000000000002,2.8369999999999997,7.752000000000001,0,4,18.0,0.09508716323296355,0.06339144215530904
578,Mexico,6.332999999999999,2.505,-0.912,2.298,4.946000000000001,5.193,0,4,19.0,0.09508716323296355,0.09508716323296355
579,Mexico,10.085,6.115,-1.449,2.323,3.697,3.3,0,4,20.0,0.20602218700475436,0.09508716323296355
580,Mexico,7.05,6.428999999999999,-1.264,0.33,-3.852,1.036,0,4,21.0,0.3248811410459588,0.20602218700475436
581,Mexico,5.396,-7.024,12.808,-10.815999999999999,-30.436999999999998,-54.458,0,4,22.0,0.41996830427892234,0.3248811410459588
582,Mexico,5.026,-8.102,1.905,-6.928,-8.607999999999999,-2.9530000000000003,0,4,23.0,0.6497622820919176,0.41996830427892234
583,Mexico,2.5660000000000003,-13.993,5.721,-12.69,-16.938,-9.927,0,4,24.0,0.7369255150554676,0.6497622820919176
584,Mexico,0.5529999999999999,-16.395,6.941,-16.567999999999998,-21.675,-13.853,1,4,25.0,0.9350237717908082,0.7369255150554676
585,Mexico,-3.319,-22.357,9.424,-23.264,-26.044,-14.39,1,4,26.0,1.299524564183835,0.9350237717908082
586,Mexico,-6.654,-31.570999999999998,8.924,-30.624000000000002,-28.677,-7.372000000000001,2,4,27.0,1.6085578446909667,1.299524564183835
587,Mexico,-13.325999999999999,-37.188,8.006,-36.918,-33.066,-10.372,2,4,28.0,1.9889064976228208,1.6085578446909667
588,Mexico,-13.575,-30.163,12.387,-31.052,-36.765,-28.905,3,4,29.0,2.5039619651347067,1.9889064976228208
589,Mexico,-15.742,-32.939,14.245999999999999,-34.604,-40.993,-34.084,4,4,30.0,2.908082408874802,2.5039619651347067
590,Mexico,-16.476,-35.518,15.652999999999999,-36.705999999999996,-43.67,-36.207,5,4,31.0,3.2091917591125196,2.908082408874802
591,Mexico,-17.031,-35.961999999999996,16.185,-37.148,-45.799,-37.082,6,4,32.0,3.763866877971474,3.2091917591125196
592,Mexico,-16.569000000000003,-37.045,17.418,-39.023,-46.95399999999999,-33.905,8,4,33.0,4.635499207606973,3.763866877971474
593,Mexico,-13.890999999999998,-39.099000000000004,12.492,-39.696999999999996,-42.70399999999999,-17.548,12,4,34.0,5.681458003169572,4.635499207606973
594,Mexico,-19.352,-46.315,11.08,-45.464,-46.526,-19.522000000000002,16,4,35.0,6.7194928684627575,5.681458003169572
595,Mexico,-15.394,-35.702,15.347000000000001,-34.976,-46.756,-37.902,20,35,36.0,7.868462757527734,6.7194928684627575
596,Mexico,-15.280999999999999,-36.639,16.179000000000002,-35.21,-48.151,-41.05,28,35,37.0,8.66877971473851,7.868462757527734
597,Mexico,-12.582,-38.643,17.695,-37.475,-50.423,-43.687,29,35,38.0,9.62757527733756,8.66877971473851
598,Mexico,-11.985999999999999,-40.968999999999994,19.112000000000002,-46.505,-52.045,-45.775,37,35,39.0,10.919175911251982,9.62757527733756
599,Mexico,-10.946,-42.662,20.956,-55.71,-52.123999999999995,-42.78,50,633,40.0,11.96513470681458,10.919175911251982
600,Mexico,-10.831,-46.059,15.530999999999999,-56.99,-48.188,-27.058000000000003,60,633,41.0,13.375594294770206,11.96513470681458
601,Mexico,-18.704,-51.655,12.777999999999999,-62.075,-51.443999999999996,-27.099,79,633,42.0,14.976228209191758,13.375594294770206
602,Saudi Arabia,-3.762,2.889,1.993,-6.785,-7.372000000000001,4.327,0,0,0.0,0.0,0.0
603,Saudi Arabia,-6.34,5.332999999999999,1.79,-9.292,-7.885,3.8760000000000003,0,0,1.0,0.0,0.0
604,Saudi Arabia,-2.912,1.91,1.395,-6.42,-3.2489999999999997,3.049,0,0,2.0,0.0,0.0
605,Saudi Arabia,-1.265,-3.3139999999999996,2.494,-4.814,-2.595,-1.111,0,0,3.0,0.0,0.0
606,Saudi Arabia,4.852,-3.3489999999999998,0.703,2.45,-1.9669999999999999,3.179,0,0,4.0,0.0,0.0
607,Saudi Arabia,6.396,2.725,1.5659999999999998,2.8310000000000004,-10.102,-2.6439999999999997,0,0,5.0,0.0,0.0
608,Saudi Arabia,6.011,-2.188,0.785,0.593,-6.45,1.939,0,0,6.0,0.0,0.0
609,Saudi Arabia,5.006,1.69,0.9470000000000001,0.8390000000000001,-6.257999999999999,4.698,0,0,7.0,0.0,0.0
610,Saudi Arabia,2.6910000000000003,-0.418,1.033,-2.22,-8.437999999999999,4.421,0,0,8.0,0.029673590504451036,0.0
611,Saudi Arabia,3.207,-0.37,0.8270000000000001,-1.25,-8.113,4.024,0,0,9.0,0.029673590504451036,0.029673590504451036
612,Saudi Arabia,2.2769999999999997,1.722,0.982,-1.207,-6.422999999999999,3.585,0,0,10.0,0.029673590504451036,0.029673590504451036
613,Saudi Arabia,2.675,-1.768,1.2229999999999999,1.0270000000000001,-9.468,3.83,0,0,11.0,0.14836795252225518,0.029673590504451036
614,Saudi Arabia,2.141,-0.633,2.426,-0.934,-16.54,-2.6210000000000004,0,0,12.0,0.14836795252225518,0.14836795252225518
615,Saudi Arabia,1.579,-9.011000000000001,2.032,-4.263999999999999,-16.194000000000003,1.5519999999999998,0,0,13.0,0.14836795252225518,0.14836795252225518
616,Saudi Arabia,2.387,-1.722,1.956,-3.938,-17.74,3.843,0,0,14.0,0.32640949554896137,0.14836795252225518
617,Saudi Arabia,1.923,0.382,5.067,-8.061,-20.574,-8.255,0,0,15.0,0.4451038575667655,0.32640949554896137
618,Saudi Arabia,3.469,3.737,4.553999999999999,-5.337000000000001,-18.722,-8.729,0,1,16.0,0.5934718100890207,0.4451038575667655
619,Saudi Arabia,0.34299999999999997,3.591,4.658,-7.106,-21.013,-8.842,0,1,17.0,0.6231454005934718,0.5934718100890207
620,Saudi Arabia,0.08800000000000001,-11.76,6.641,-9.567,-24.951999999999998,-9.369,0,1,18.0,1.3353115727002967,0.6231454005934718
621,Saudi Arabia,-1.379,-16.928,5.569,-15.8,-30.962,-4.848,0,1,19.0,2.551928783382789,1.3353115727002967
622,Saudi Arabia,-0.07400000000000001,-13.673,4.808,-16.135,-27.803,-0.308,0,1,20.0,3.0563798219584566,2.551928783382789
623,Saudi Arabia,4.303,-8.283999999999999,6.881,-14.427,-33.779,-11.222000000000001,0,1,21.0,3.0563798219584566,3.0563798219584566
624,Saudi Arabia,2.121,-19.024,9.413,-29.026,-43.125,-19.406,0,2,22.0,3.501483679525222,3.0563798219584566
625,Saudi Arabia,-4.994,-24.624000000000002,10.979000000000001,-34.732,-46.934,-24.008000000000003,0,6,23.0,5.074183976261128,3.501483679525222
626,Saudi Arabia,-8.155,-29.491,12.911,-38.274,-50.213,-27.445,0,6,24.0,5.074183976261128,5.074183976261128
627,Saudi Arabia,-12.058,-41.909,16.438,-41.178000000000004,-55.958,-30.739,0,6,25.0,8.130563798219583,5.074183976261128
628,Saudi Arabia,-17.677,-59.46,13.717,-50.425,-61.597,-21.166,0,8,26.0,10.207715133531156,8.130563798219583
629,Saudi Arabia,-15.754000000000001,-49.638999999999996,13.744000000000002,-49.071999999999996,-68.605,-19.584,0,16,27.0,11.632047477744806,10.207715133531156
630,Saudi Arabia,-17.765,-43.062,18.266,-48.566,-69.03699999999999,-37.464,0,16,28.0,15.16320474777448,11.632047477744806
631,Saudi Arabia,-25.255,-51.095,21.143,-57.589,-72.221,-42.291000000000004,0,16,29.0,16.676557863501483,15.16320474777448
632,Saudi Arabia,-22.07,-50.973,21.753,-55.55,-73.445,-43.143,1,28,30.0,22.759643916913944,16.676557863501483
633,Saudi Arabia,-18.619,-50.78,21.421,-54.218,-72.714,-43.611999999999995,2,29,31.0,26.706231454005934,22.759643916913944
634,Saudi Arabia,-21.916999999999998,-61.216,25.645,-57.14,-75.723,-46.033,3,33,32.0,30.029673590504448,26.706231454005934
635,Saudi Arabia,-29.444000000000003,-74.242,20.684,-65.036,-81.91199999999999,-37.927,3,35,33.0,32.759643916913944,30.029673590504448
636,Saudi Arabia,-24.083000000000002,-59.31,18.954,-56.103,-77.01899999999999,-31.049,4,37,34.0,35.6973293768546,32.759643916913944
637,Saudi Arabia,-23.631,-49.287,22.682,-53.965,-74.545,-45.245,8,66,35.0,38.545994065281896,35.6973293768546
638,Saudi Arabia,-26.406,-50.766000000000005,22.239,-55.552,-74.581,-46.273,8,115,36.0,43.115727002967354,38.545994065281896
639,Saudi Arabia,-25.976999999999997,-51.912,22.069000000000003,-55.431000000000004,-74.156,-46.026,10,165,37.0,46.37982195845697,43.115727002967354
640,Saudi Arabia,-26.039,-52.288999999999994,22.430999999999997,-55.575,-74.479,-46.035,16,264,38.0,51.038575667655785,46.37982195845697
641,Saudi Arabia,-25.73,-60.591,25.671999999999997,-56.651,-76.74600000000001,-45.968999999999994,21,328,39.0,55.9347181008902,51.038575667655785
642,Saudi Arabia,-31.971,-74.366,21.148000000000003,-66.36399999999999,-82.87100000000001,-40.286,25,351,40.0,60.50445103857566,55.9347181008902
643,Saudi Arabia,-27.642,-61.355,20.198,-58.138000000000005,-78.23,-33.69,29,420,41.0,64.6587537091988,60.50445103857566
644,Saudi Arabia,-24.123,-51.591,23.316999999999997,-54.668,-75.557,-46.813,34,488,42.0,71.27596439169139,64.6587537091988
645,Sweden,0.062,23.363000000000003,-0.134,1.915,0.253,-0.562,0,0,0.0,0.09775171065493646,0.0
646,Sweden,0.375,23.505,0.779,1.7080000000000002,-3.112,-4.34,0,0,1.0,0.09775171065493646,0.09775171065493646
647,Sweden,8.763,8.363999999999999,0.655,8.125,-2.542,-3.839,0,0,2.0,0.09775171065493646,0.09775171065493646
648,Sweden,1.911,4.296,0.925,4.846,-4.982,-4.279,0,0,3.0,0.19550342130987292,0.09775171065493646
649,Sweden,4.082,10.357999999999999,0.914,7.367999999999999,-2.477,-5.031000000000001,0,0,4.0,0.6842619745845552,0.19550342130987292
650,Sweden,1.641,16.058,0.995,6.662000000000001,-0.9570000000000001,-6.218999999999999,0,0,5.0,0.6842619745845552,0.6842619745845552
651,Sweden,3.562,8.137,-0.152,7.6739999999999995,4.534,0.19699999999999998,0,0,6.0,1.1730205278592374,0.6842619745845552
652,Sweden,-2.104,-6.903,0.7440000000000001,-0.767,-5.5489999999999995,-2.447,0,0,7.0,1.3685239491691104,1.1730205278592374
653,Sweden,1.999,10.105,0.9109999999999999,1.104,-2.8489999999999998,-1.9480000000000002,0,0,8.0,1.466275659824047,1.3685239491691104
654,Sweden,1.876,4.864,0.846,0.094,-4.141,-1.595,0,0,9.0,2.0527859237536656,1.466275659824047
655,Sweden,-0.551,-2.169,1.4180000000000001,-2.356,-5.28,-1.837,0,0,10.0,3.421309872922776,2.0527859237536656
656,Sweden,2.529,7.627999999999999,0.996,0.47600000000000003,-3.675,-1.723,0,0,11.0,9.188660801564026,3.421309872922776
657,Sweden,1.301,23.906999999999996,0.9890000000000001,2.201,-0.7509999999999999,-2.032,0,0,12.0,9.872922776148583,9.188660801564026
658,Sweden,3.895,35.973,0.048,4.997,5.877999999999999,0.331,0,0,13.0,15.738025415444769,9.872922776148583
659,Sweden,-1.8840000000000001,-0.255,0.507,0.792,-5.76,-1.3459999999999999,0,0,14.0,19.843597262952102,15.738025415444769
660,Sweden,0.247,8.197000000000001,1.119,-2.211,-4.773,-0.391,0,1,15.0,24.242424242424242,19.843597262952102
661,Sweden,0.639,3.182,1.063,-3.5810000000000004,-5.745,0.233,0,1,16.0,34.701857282502445,24.242424242424242
662,Sweden,3.9789999999999996,9.571,1.584,-4.353,-7.327999999999999,-1.252,1,1,17.0,48.87585532746823,34.701857282502445
663,Sweden,11.165999999999999,-16.539,3.826,-11.556,-15.838,-4.452,1,1,18.0,58.553274682306935,48.87585532746823
664,Sweden,7.996,-3.548,5.696000000000001,-13.089,-19.419,-9.541,1,1,19.0,79.56989247311827,58.553274682306935
665,Sweden,9.203,58.782,3.4339999999999997,-16.599,-13.36,-5.732,2,1,20.0,93.93939393939394,79.56989247311827
666,Sweden,-1.9269999999999998,-15.052,4.522,-24.901,-30.237,-9.894,3,1,21.0,99.90224828934505,93.93939393939394
667,Sweden,3.114,10.755,7.6370000000000005,-18.543,-25.204,-16.707,6,1,22.0,107.82013685239491,99.90224828934505
668,Sweden,0.389,2.455,9.499,-24.386999999999997,-31.635,-21.188000000000002,7,1,23.0,116.32453567937438,107.82013685239491
669,Sweden,-3.284,0.639,11.415999999999999,-26.113000000000003,-36.7,-26.884,10,1,24.0,125.02443792766373,116.32453567937438
670,Sweden,-1.9140000000000001,39.543,11.043,-22.223000000000003,-34.896,-27.570999999999998,11,16,25.0,140.66471163245356,125.02443792766373
671,Sweden,-5.04,10.717,11.719000000000001,-23.765,-37.469,-28.11,16,16,26.0,160.21505376344086,140.66471163245356
672,Sweden,-4.937,66.354,5.612,-26.261999999999997,-27.552,-13.047,20,16,27.0,172.336265884653,160.21505376344086
673,Sweden,-8.655,57.016000000000005,4.8260000000000005,-26.49,-32.753,-14.834000000000001,21,16,28.0,189.0518084066471,172.336265884653
674,Sweden,-8.368,7.893,10.995,-24.72,-38.148,-27.36,25,16,29.0,200.0,189.0518084066471
675,Sweden,-7.3839999999999995,22.228,11.252,-25.23,-37.346,-27.54,36,16,30.0,223.46041055718473,200.0
676,Sweden,0.537,24.969,10.899000000000001,-18.738,-36.302,-27.56,62,16,31.0,246.9208211143695,223.46041055718473
677,Sweden,-2.052,48.294,11.046,-18.351,-35.153,-28.394000000000002,77,16,32.0,277.61485826001956,246.9208211143695
678,Sweden,-4.599,42.618,11.145,-18.702,-35.274,-28.596,105,16,33.0,300.0,277.61485826001956
679,Sweden,-4.078,52.373000000000005,5.815,-23.622,-29.496,-14.558,105,16,34.0,336.95014662756597,300.0
680,Sweden,-9.787,42.63399999999999,5.437,-23.986,-36.419000000000004,-17.773,110,16,35.0,361.6813294232649,336.95014662756597
681,Sweden,-9.593,7.893,11.212,-22.461,-39.166,-29.043000000000003,146,16,36.0,393.7438905180841,361.6813294232649
682,Sweden,-6.966,27.455,11.044,-21.956999999999997,-37.312,-28.697,180,16,37.0,433.5288367546432,393.7438905180841
683,Sweden,-4.894,27.436,11.147,-22.428,-37.708,-28.717,239,103,38.0,483.57771260997066,433.5288367546432
684,Sweden,-7.504,-5.901,12.821,-26.636,-42.574,-30.158,308,103,39.0,544.2815249266862,483.57771260997066
685,Sweden,-6.775,5.662999999999999,12.614,-25.1,-40.663000000000004,-30.625999999999998,358,205,40.0,599.3157380254154,544.2815249266862
686,Sweden,-5.3870000000000005,57.463,6.272,-26.480999999999998,-31.666,-16.079,373,205,41.0,629.8142717497556,599.3157380254154
687,Sweden,-9.006,69.48,5.71,-24.878,-37.289,-17.902,401,205,42.0,667.644183773216,629.8142717497556
688,Turkey,5.2010000000000005,21.105999999999998,0.022000000000000002,6.791,3.2319999999999998,6.667999999999999,0,0,0.0,0.0,0.0
689,Turkey,3.1310000000000002,7.4110000000000005,-1.344,2.721,3.406,8.662,0,0,1.0,0.0,0.0
690,Turkey,5.872000000000001,12.282,-2.008,3.053,4.493,9.029,0,0,2.0,0.0,0.0
691,Turkey,5.632000000000001,15.175,-1.99,1.412,2.832,10.354000000000001,0,0,3.0,0.0,0.0
692,Turkey,4.197,6.872999999999999,-1.2570000000000001,-2.151,3.076,11.425999999999998,0,0,4.0,0.0,0.0
693,Turkey,2.832,5.81,-0.654,-2.9619999999999997,-0.24600000000000002,7.865,0,0,5.0,0.0,0.0
694,Turkey,-2.2319999999999998,-16.244,2.18,-5.694,-9.726,7.36,0,0,6.0,0.0,0.0
695,Turkey,10.017000000000001,35.042,-0.184,8.818,3.4160000000000004,6.792999999999999,0,0,7.0,0.0,0.0
696,Turkey,6.707999999999999,17.837,-1.955,6.117000000000001,6.605,9.661,0,0,8.0,0.0,0.0
697,Turkey,8.556000000000001,22.901,-3.0010000000000003,6.638999999999999,5.928999999999999,9.792,0,0,9.0,0.0,0.0
698,Turkey,7.164,15.67,-2.126,2.295,3.79,10.674000000000001,0,0,10.0,0.0,0.0
699,Turkey,7.54,9.901,-1.735,2.944,3.7969999999999997,12.083,0,0,11.0,0.0,0.0
700,Turkey,10.421,17.042,-1.607,5.749,4.232,9.485,0,0,12.0,0.0,0.0
701,Turkey,12.47,34.12,-2.039,12.927,8.669,10.083,0,0,13.0,0.0,0.0
702,Turkey,15.173,68.226,-3.188,18.209,12.218,8.283,0,0,14.0,0.0,0.0
703,Turkey,8.009,23.741999999999997,-2.6260000000000003,8.282,7.521,9.922,0,0,15.0,0.0,0.0
704,Turkey,6.522,4.268,-2.0580000000000003,2.036,0.535,9.556000000000001,0,0,16.0,0.0,0.0
705,Turkey,21.221999999999998,15.283,-2.017,3.137,2.748,10.637,0,0,17.0,0.012195121951219513,0.0
706,Turkey,19.49,25.425,-2.291,6.013999999999999,5.9270000000000005,11.809000000000001,0,0,18.0,0.012195121951219513,0.012195121951219513
707,Turkey,13.859000000000002,11.199000000000002,-0.237,-2.094,1.885,6.442,0,0,19.0,0.06097560975609756,0.012195121951219513
708,Turkey,10.254000000000001,9.54,1.396,-6.648,-3.6310000000000002,3.739,0,0,20.0,0.06097560975609756,0.06097560975609756
709,Turkey,4.7780000000000005,3.215,1.879,-15.344000000000001,-15.535,0.56,0,0,21.0,0.07317073170731707,0.06097560975609756
710,Turkey,13.040999999999999,-12.668,4.723,-12.249,-13.98,-11.734000000000002,0,0,22.0,0.21951219512195122,0.07317073170731707
711,Turkey,14.057,-18.637999999999998,7.5889999999999995,-26.129,-22.232,-19.451,1,0,23.0,0.573170731707317,0.21951219512195122
712,Turkey,0.7240000000000001,-29.197,10.849,-36.701,-32.696,-22.701999999999998,1,0,24.0,1.1951219512195121,0.573170731707317
713,Turkey,-3.0260000000000002,-28.087,12.800999999999998,-40.634,-37.851,-25.128,3,0,25.0,2.341463414634146,1.1951219512195121
714,Turkey,-6.234,-27.213,15.75,-45.058,-41.412,-29.623,4,0,26.0,4.378048780487805,2.341463414634146
715,Turkey,-10.241,-31.915,14.786,-51.731,-46.343999999999994,-25.75,9,0,27.0,8.170731707317072,4.378048780487805
716,Turkey,-19.805,-32.539,13.005999999999998,-63.726000000000006,-54.601000000000006,-35.06,30,0,28.0,15.073170731707316,8.170731707317072
717,Turkey,-12.59,-31.928,16.287,-51.266000000000005,-48.5,-37.497,37,0,29.0,18.646341463414632,15.073170731707316
718,Turkey,-21.441,-38.995,18.021,-57.206,-53.888000000000005,-42.495,44,0,30.0,22.829268292682926,18.646341463414632
719,Turkey,-21.534000000000002,-37.607,19.178,-58.13,-55.028,-43.199,59,26,31.0,29.670731707317074,22.829268292682926
720,Turkey,-19.574,-31.561,18.899,-56.599,-54.74100000000001,-42.841,75,26,32.0,44.25609756097561,29.670731707317074
721,Turkey,-21.18,-39.562,21.901,-59.248000000000005,-57.42,-44.761,92,42,33.0,69.48780487804878,44.25609756097561
722,Turkey,-27.406,-56.548,20.416,-66.415,-62.672,-40.091,108,70,34.0,90.26829268292683,69.48780487804878
723,Turkey,-39.336999999999996,-58.391999999999996,17.425,-74.52,-71.307,-44.94,131,105,35.0,112.40243902439025,90.26829268292683
724,Turkey,-24.230999999999998,-39.196,20.54,-57.278999999999996,-58.041000000000004,-46.956,168,162,36.0,132.03658536585365,112.40243902439025
725,Turkey,-27.144000000000002,-45.488,20.732,-60.543,-61.21,-48.788000000000004,214,243,37.0,165.0121951219512,132.03658536585365
726,Turkey,-24.764,-46.565,22.06,-61.38,-62.005,-49.365,277,333,38.0,191.20731707317074,165.0121951219512
727,Turkey,-26.644000000000002,-46.272,22.697,-61.981,-64.11,-49.667,356,415,39.0,221.15853658536585,191.20731707317074
728,Turkey,-22.107,-46.701,24.958000000000002,-62.318999999999996,-63.778,-50.474,425,484,40.0,255.1341463414634,221.15853658536585
729,Turkey,-30.248,-59.895,23.029,-69.521,-69.64399999999999,-46.357,501,786,41.0,291.8780487804878,255.1341463414634
730,Turkey,-39.602,-61.111999999999995,18.88,-75.985,-75.61,-47.693999999999996,574,1042,42.0,330.109756097561,291.8780487804878
731,US,3.1239999999999997,22.982,-0.823,6.813,4.992,2.238,0,5,0.0,0.0,0.0
732,US,0.7170000000000001,9.232999999999999,0.04,1.709,1.285,2.7760000000000002,0,5,1.0,0.0,0.0
733,US,1.222,9.106,-0.138,4.031000000000001,2.155,1.899,0,6,2.0,0.0,0.0
734,US,2.464,5.209,-0.63,7.34,3.498,2.198,0,6,3.0,0.0,0.0
735,US,3.429,12.251,-0.45899999999999996,7.502999999999999,4.013,1.834,0,6,4.0,0.0,0.0
736,US,3.392,9.685,-1.284,7.996,5.34,2.428,0,7,5.0,0.0,0.0
737,US,7.349,20.717,-1.858,11.517999999999999,7.367000000000001,4.4030000000000005,0,7,6.0,0.0,0.0
738,US,8.816,17.755,-1.49,12.864,6.691,2.9539999999999997,0,7,7.0,0.0,0.0
739,US,6.122999999999999,10.253,-0.5710000000000001,7.2829999999999995,1.694,2.9789999999999996,0,7,8.0,0.0,0.0
740,US,9.87,20.048,-0.914,10.78,2.9760000000000004,2.024,0,7,9.0,0.0,0.0
741,US,6.172000000000001,17.146,-0.653,8.295,2.316,2.5780000000000003,0,7,10.0,0.0,0.0
742,US,7.314,21.099,-0.665,7.989,2.4130000000000003,2.5180000000000002,0,7,11.0,0.0,0.0
743,US,2.71,11.63,-0.5579999999999999,5.3420000000000005,1.7009999999999998,2.0069999999999997,0,7,12.0,0.0,0.0
744,US,8.366,29.301,-1.319,9.604,6.718,4.586,0,7,13.0,0.0,0.0
745,US,7.457000000000001,40.308,-1.065,9.783,5.382999999999999,1.68,0,7,14.0,0.0,0.0
746,US,6.474,31.053,0.242,5.875,-0.971,-0.47100000000000003,0,7,15.0,0.0,0.0
747,US,7.4670000000000005,18.24,0.625,6.129,-2.5869999999999997,-1.5490000000000002,28,8,16.0,2.7178549664838516,0.0
748,US,10.072000000000001,26.313000000000002,0.185,7.546,-2.158,-1.159,36,8,17.0,3.6989640463132236,2.7178549664838516
749,US,22.608,19.057000000000002,1.093,6.3660000000000005,-6.292000000000001,-2.903,40,12,18.0,4.862888482632541,3.6989640463132236
750,US,25.884,4.332,2.8360000000000003,1.514,-10.247,-6.855,47,12,19.0,6.435100548446069,4.862888482632541
751,US,18.339000000000002,2.665,3.105,-6.332000000000001,-9.845,-0.9890000000000001,54,12,20.0,8.09872029250457,6.435100548446069
752,US,11.804,4.734,3.391,-9.351,-13.214,-6.666,63,12,21.0,10.453991468616698,8.09872029250457
753,US,21.23,-1.0,7.6,-7.559,-22.046999999999997,-19.867,85,17,22.0,13.909201706276662,10.453991468616698
754,US,13.762,7.847,10.739,-18.104,-26.256,-26.753,108,17,23.0,19.357099329677027,13.909201706276662
755,US,7.593999999999999,6.272,12.635,-23.678,-30.283,-30.611,118,105,24.0,23.50700792199878,19.357099329677027
756,US,6.667999999999999,1.505,14.618,-27.935,-35.501999999999995,-33.412,200,121,25.0,41.462522851919566,23.50700792199878
757,US,5.1610000000000005,-2.34,16.226,-31.57,-36.830999999999996,-35.535,244,147,26.0,57.96770262035344,41.462522851919566
758,US,-1.7309999999999999,-2.889,11.522,-39.650999999999996,-35.842,-23.993000000000002,307,176,27.0,77.49847653869593,57.96770262035344
759,US,-13.413,-11.594000000000001,10.515999999999998,-43.665,-43.575,-31.217,426,178,28.0,102.87934186471664,77.49847653869593
760,US,-10.195,-22.538,17.284000000000002,-37.508,-47.465,-41.188,551,178,29.0,132.8031687995125,102.87934186471664
761,US,-11.921,-9.906,18.785,-39.158,-45.851000000000006,-44.553000000000004,705,348,30.0,163.49482023156614,132.8031687995125
762,US,-14.705,-7.404,19.285,-40.02,-47.242,-45.843999999999994,941,361,31.0,200.18586227909813,163.49482023156614
763,US,-13.802,2.884,19.859,-40.277,-47.915,-46.601000000000006,1208,681,32.0,255.2071907373553,200.18586227909813
764,US,-16.054000000000002,-7.085,21.004,-42.101000000000006,-49.006,-46.306999999999995,1578,869,33.0,309.50639853747714,255.2071907373553
765,US,-18.930999999999997,-25.226,14.636,-47.733999999999995,-49.306000000000004,-33.727,2023,1072,34.0,369.631322364412,309.50639853747714
766,US,-22.299,-18.639,12.185,-46.961000000000006,-51.398999999999994,-37.647,2464,2665,35.0,428.87568555758685,369.631322364412
767,US,-17.564,-14.57,18.984,-40.196999999999996,-50.356,-47.603,2975,5644,36.0,492.62340036563074,428.87568555758685
768,US,-15.693,-16.072,20.218,-39.983000000000004,-49.42,-49.328,3870,7024,37.0,572.8762949421085,492.62340036563074
769,US,-10.815,-7.343999999999999,19.779,-37.299,-47.93899999999999,-49.233000000000004,4753,8474,38.0,649.6465569774527,572.8762949421085
770,US,-11.209000000000001,-8.52,20.951999999999998,-39.891,-50.559,-49.853,5922,9001,39.0,741.745886654479,649.6465569774527
771,US,-11.795,-20.61,22.228,-41.888999999999996,-51.32899999999999,-49.575,7083,9707,40.0,839.2017062766606,741.745886654479
772,US,-14.975,-23.779,15.164000000000001,-48.466,-50.208,-36.657,8403,14652,41.0,940.5636806825107,839.2017062766606
773,US,-20.249000000000002,-20.271,12.55,-48.911,-53.68,-40.031,9615,17448,42.0,1026.54478976234,940.5636806825107
774,South Africa,-6.354,-20.793000000000003,2.833,-9.238,-12.183,-0.602,0,0,0.0,0.0,0.0
775,South Africa,-13.296,-10.142999999999999,0.614,-11.163,-2.237,4.742,0,0,1.0,0.0,0.0
776,South Africa,-1.495,-4.721,-0.8220000000000001,-0.62,2.19,5.4270000000000005,0,0,2.0,0.0,0.0
777,South Africa,-0.721,-4.496,-0.987,0.503,4.303999999999999,5.112,0,0,3.0,0.0,0.0
778,South Africa,4.5569999999999995,-5.905,-0.63,5.811,6.421,4.617,0,0,4.0,0.0,0.0
779,South Africa,10.895999999999999,-6.435,-2.385,12.196,16.822,4.21,0,0,5.0,0.0,0.0
780,South Africa,14.082,-8.395,-2.286,19.699,8.101,5.1610000000000005,0,0,6.0,0.0,0.0
781,South Africa,21.255,-3.225,-1.196,18.326,8.591000000000001,7.224,0,0,7.0,0.0,0.0
782,South Africa,5.199,-6.986000000000001,0.5529999999999999,4.012,10.434000000000001,6.976,0,0,8.0,0.0,0.0
783,South Africa,4.935,-1.32,-0.526,2.272,10.965,8.741,0,0,9.0,0.0,0.0
784,South Africa,4.9030000000000005,-1.2229999999999999,-0.068,2.575,8.921,8.132,0,0,10.0,0.0,0.0
785,South Africa,6.566,-0.968,0.023,4.204,9.152999999999999,7.95,0,0,11.0,0.017307026652821043,0.0
786,South Africa,7.86,1.1059999999999999,-1.465,6.559,12.529000000000002,7.682,0,0,12.0,0.017307026652821043,0.017307026652821043
787,South Africa,5.602,-3.37,-0.27,7.875,2.081,6.466,0,0,13.0,0.017307026652821043,0.017307026652821043
788,South Africa,2.8169999999999997,-11.955,1.8359999999999999,-0.912,-5.3629999999999995,3.426,0,0,14.0,0.05192107995846314,0.017307026652821043
789,South Africa,-7.396,-11.189,0.833,-8.275,1.2329999999999999,6.247000000000001,0,0,15.0,0.05192107995846314,0.05192107995846314
790,South Africa,-8.052999999999999,-8.661,-0.9159999999999999,-9.082,0.44799999999999995,5.257999999999999,0,0,16.0,0.12114918656974731,0.05192107995846314
791,South Africa,-7.615,-6.8389999999999995,-1.8630000000000002,-8.499,-2.3280000000000003,3.5410000000000004,0,0,17.0,0.22499134648667357,0.12114918656974731
792,South Africa,-5.497999999999999,-5.99,-2.227,-5.736000000000001,-4.311,2.8339999999999996,0,0,18.0,0.2942194530979578,0.22499134648667357
793,South Africa,1.8980000000000001,-5.269,-3.647,1.14,-0.695,2.715,0,0,19.0,0.4153686396677051,0.2942194530979578
794,South Africa,1.0270000000000001,-10.107999999999999,-0.595,1.848,-8.406,3.719,0,0,20.0,0.6576670128071997,0.4153686396677051
795,South Africa,-0.08,-17.847,2.176,-5.985,-13.839,1.6909999999999998,0,0,21.0,0.8826583592938733,0.6576670128071997
796,South Africa,1.43,-18.317,3.4819999999999998,-9.579,-10.892000000000001,1.527,0,0,22.0,1.0730356524749047,0.8826583592938733
797,South Africa,-4.112,-15.725,4.798,-14.537,-13.511,-2.549,0,0,23.0,1.0730356524749047,1.0730356524749047
798,South Africa,-4.343999999999999,-12.074000000000002,7.151,-14.368,-15.905999999999999,-8.412,0,0,24.0,2.0076150917272413,1.0730356524749047
799,South Africa,-4.678999999999999,-10.18,9.145,-15.672,-19.757,-13.648,0,0,25.0,2.596053997923157,2.0076150917272413
800,South Africa,0.623,-13.962,8.835,-14.02,-19.043,-15.343,0,0,26.0,3.496019383869851,2.596053997923157
801,South Africa,-6.442,-21.285999999999998,8.486,-23.669,-26.096999999999998,-17.755,0,0,27.0,4.153686396677051,3.496019383869851
802,South Africa,-10.389000000000001,-23.498,8.546,-30.872,-36.434,-10.927,0,0,28.0,4.742125302872966,4.153686396677051
803,South Africa,-4.331,-15.267000000000001,11.185,-20.211,-33.249,-21.439,0,0,29.0,6.95742471443406,4.742125302872966
804,South Africa,18.061,-15.69,9.279,-7.457000000000001,-27.59,-21.717,0,4,30.0,9.588092765662859,6.95742471443406
805,South Africa,33.645,-13.177,7.452000000000001,8.953,-19.307000000000002,-24.291,0,12,31.0,12.270681896850121,9.588092765662859
806,South Africa,59.474,-9.349,6.141,15.519,-25.557,-31.774,0,12,32.0,16.043613707165107,12.270681896850121
807,South Africa,-60.858000000000004,-47.02,40.343,-80.242,-80.51100000000001,-75.17,1,31,33.0,20.24922118380062,16.043613707165107
808,South Africa,-59.76,-58.559,27.951,-79.78,-78.80199999999999,-57.958,1,31,34.0,20.54344063689858,20.24922118380062
809,South Africa,-60.044,-55.157,23.929000000000002,-79.274,-80.30199999999999,-48.652,2,31,35.0,22.152994115610937,20.54344063689858
810,South Africa,-51.034,-41.57899999999999,36.461,-72.729,-79.423,-74.169,3,31,36.0,22.949117341640704,22.152994115610937
811,South Africa,-46.762,-40.16,34.848,-71.508,-77.899,-73.818,5,31,37.0,23.416407061266874,22.949117341640704
812,South Africa,-42.446000000000005,-37.6,34.916,-69.72800000000001,-77.37100000000001,-72.935,5,50,38.0,23.883696780893043,23.416407061266874
813,South Africa,-40.523,-38.226,36.55,-69.577,-77.874,-73.331,5,50,39.0,25.302872966424367,23.883696780893043
814,South Africa,-42.107,-43.271,38.379,-71.513,-77.944,-72.745,9,95,40.0,26.047075112495673,25.302872966424367
815,South Africa,-51.515,-57.251999999999995,26.499000000000002,-76.589,-77.02600000000001,-55.095,9,95,41.0,27.431637244721355,26.047075112495673
816,South Africa,-51.42,-53.273,22.351,-75.913,-78.001,-44.32899999999999,11,95,42.0,28.64312911041883,27.431637244721355
